:020000040800F2
:1000000078670020AD020008916100081D4A0008D1
:100010008D61000885100008099B000800000000A1
:10002000000000000000000000000000D170000887
:10003000D515000800000000716200080171000879
:10004000C7020008C7020008C7020008C70200086C
:10005000C7020008C7020008D9150008E11500080A
:10006000C7020008E9150008F1150008C7020008DA
:10007000C7020008C7020008C7020008C70200083C
:10008000C7020008C7020008C7020008C70200082C
:1000900089100008C7020008C7020008F915000807
:1000A000C7020008C7020008C7020008C70200080C
:1000B000C7020008C7020008C7020008C7020008FC
:1000C000C7020008C7020008C7020008C7020008EC
:1000D000C7020008C7020008C7020008C7020008DC
:1000E000C7020008C7020008C7020008C7020008CC
:1000F000ED710008C7020008C7020008C702000827
:10010000C7020008C7020008C7020008C7020008AB
:10011000C7020008C7020008C7020008C70200089B
:10012000C7020008C70200082D110008C915000801
:10013000C7020008C7020008C7020008C70200087B
:10014000C702000895100008C70200089561000862
:10015000C7020008C7020008C7020008C70200085B
:10016000C7020008C7020008C7020008C70200084B
:10017000C7020008C7020008C7020008000000000C
:10018000C7020008C702000800F002F800F07FF87C
:1001900014A696E8000CB244B344DA4501D100F04D
:1001A00076F8BAE80F000FA696E83000A5EB040534
:1001B00004EB0607AAEB0704A7F101074FEA1515A0
:1001C0004FEA3414A4F10104AC4201D300F05FF80B
:1001D00013F0010F18BFFB1A43F0010300F001F800
:1001E000DBE7184780D80000A0D800000A444FF091
:1001F000000C10F8013B13F0070408BF10F8014B86
:100200001D1108BF10F8015B641E05D010F8016BCA
:10021000641E01F8016BF9D113F0080F1EBF10F82E
:10022000014BAD1C0C1B09D16D1E58BF01F801CB51
:10023000FAD505E014F8016B01F8016B6D1EF9D5D4
:100240009142D6D37047000070470000002300247D
:1002500000250026103A28BF78C1FBD8520728BFD6
:1002600030C148BF0B60704766290DF075830020D0
:1002700070471FB50DF063FB00F0E2FB04000020A7
:1002800000210DF0CFFAE0601FBD10B510BD00F0E9
:10029000DBFC1146FFF7EDFF0AF030FC00F0F9FC43
:1002A00003B4FFF7F2FF03BC00F03CFD09488047B0
:1002B00009480047FEE7FEE7FEE7FEE7FEE7FEE748
:1002C000FEE7FEE7FEE7FEE704480549054A064B60
:1002D00070470000D971000889010008786100208A
:1002E00078670020786300207863002053EA020CCE
:1002F00000F069802DE9F04B4FF00006002B1FBF86
:10030000B3FA83F503FA05F424FA05F65E4012BF4A
:100310001643B2FA82F502FA05F4C5F120051EBFB4
:1003200022FA05FC44EA0C04203556EA044C4FEA54
:10033000144418BF641C4FF000084FF000099042AD
:1003400071EB030C39D3002919BFB1FA81F701FA17
:1003500007F6B0FA80F700FA07F6C7F120071EBFCC
:1003600020FA07FC46EA0C062037B6FBF4FCA7EBA4
:100370000507103F07F01F0BCBF120062CFA06F6FD
:100380000CFA0BFB44BFB3460026202FA4BF5E46E9
:100390004FF0000B5BEA060C08BF4FF0010B19EBA6
:1003A0000B0948EB0608ABFB027C06FB02CC0BFBFF
:1003B00003CCC01B71EB0C01C1E70B460246414662
:1003C0004846BDE8F08B13B5084318BF4FF0FF3027
:1003D0000146AFF30080BDE81C4070470FB41CB568
:1003E0000C0007AA009007D04142A14202D320444A
:1003F000401E01E04FF0FF30074B7B4469460190FF
:10040000069800F002FB0021002C01D0009A117028
:100410001CBC5DF814FB0000330600002DE9F0471A
:100420004FF0000A89460446C0F820A02046E16843
:100430008847002876D0252806D0D4E901219047A6
:10044000206A401C2062F1E7E168204600258847C9
:10045000C4F81CA006460027C4F818A02A2E09D00C
:1004600030460DF0B9F938B304EB8708303EC8F8D0
:10047000186019E059F8041B204604EB87029161CB
:10048000E1688847012F064618D1E069002820DA84
:1004900025F020051DE0D8F8180000EB800006EBE1
:1004A00040003038C8F818002046E1688847064602
:1004B0000DF092F90028EED1012F0AD02E2E08D18E
:1004C0002046E16888477F1C0646022F45F020053C
:1004D000C4DBA069002803DA404245F00105A061B1
:1004E000E80701D025F01005B6B1A6F141001928A2
:1004F00002D8203645F400654A463146204625603C
:100500004D46FFF7B1FE58B1012806D0ED1D25F08C
:10051000070000F1080989E704E005F1040985E70F
:1005200030468AE7206ABDE8F08710B5431C02E038
:1005300010F8011B71B18107FAD14FF0013202C8E6
:100540008C1A8C4314EAC211F9D0C01A0A0603D0DF
:10055000C01E10BDC01A10BD0A0401D0801E10BDFF
:100560000902FCD0401E10BD02F0FF0343EA032243
:1005700042EA024200F002B84FF0000200B5134612
:1005800094469646203922BFA0E80C50A0E80C50B3
:10059000B1F12001BFF4F7AF090728BFA0E80C5064
:1005A00048BF0CC05DF804EB890028BF40F8042B5D
:1005B00008BF704748BF20F8022B11F0804F18BFCA
:1005C00000F8012B704770477047704710B500F076
:1005D0003BFA006810BD10B5044600F035FA04601F
:1005E00010BD2DE9FF4F0C461E464FF0FF378BB074
:1005F000D2E90001DDF860800A908A46C1F30A550D
:1006000005B93D46002108464FF00000BAF1000F41
:1006100000F4400005DA00EB80004FF4400101EAED
:1006200050004FEA9059B9F1010F00DDB9460A9820
:1006300050EA4A000ED044F61050A5F2FF3545436B
:100640002F14B8F1000F1ED07542291E1EDDC9F10E
:1006500000021CE0B8F1010F4FF0000001D0302182
:1006600003E0F24305E02154401CB042FBDB30467E
:100670000022002121540B99C1F80880C1E9002013
:100680000FB0BDE8F08FBD1B6D1CDEE74A4600DAF7
:10069000694206A800F062FA06AB93E8070003ABD4
:1006A00083E8070050460A990CF09FFA8DE807008E
:1006B000A0F500501F3800900398002D0ADD42F28B
:1006C0001F014A460844002303A9039068460CF022
:1006D00009FD09E0A0F500504A461F38002303A990
:1006E000039068460CF013FD8DE807000004000C31
:1006F00003D04FF0FF30410800E01046B8F1000F82
:1007000003D00022009215461EE0751E05D400F0AD
:100710009FF9303262556D1EF9D5B3460122084368
:1007200002D000227F1C04E02078302801D1002272
:100730007F1E002A099784D01DE0112D07DA00F0F2
:1007400087F9303262556D1C50EA0102F5D1084339
:1007500002D00098C8B10EE00021681E05E0235CBD
:10076000625C63542254401E491C8142F7DBAB4655
:10077000A81B401E0990002004F80B000B98099A52
:10078000C0F80880C0E9002B7AE711264FF0000876
:1007900057E72DE9F04F88460446D21D22F00701A5
:1007A00091B0D1E90001CDE90A010CF0E7FD024664
:1007B0000B98C00F01D02D2007E02068810701D5DC
:1007C0002B2002E0202101EAC000032A099001D079
:1007D000072A05DB03464146204600F07FF90BE17E
:1007E0002078800601D5E06900E00620B8F1650FA9
:1007F000814606D0B8F1660F18D0B8F1670F70D1F6
:1008000031E00020B9F1110F009001DB112301E06C
:1008100009F101030AAA01A90CA8FFF7E2FEDDE92C
:100820000C70002609F10105834647E001204B4684
:1008300000904FF000470AAA01A90CA8FFF7D1FECB
:10084000DDE90DB00C995D46002610B909F10100F3
:100850000D18B9EB050003D4C0F1FF3609F101050D
:10086000A5EB09002BE0B9F1010F01DA4FF0010906
:100870000020B9F1110F0090484601DD112300E07E
:1008800003460AAA01A90CA8FFF7ABFEDDE90C702C
:100890004D4600268346207800070AD4AB4500DA8F
:1008A0005D4601A8012D04DD411911F8011C302914
:1008B00007D04F4502DA17F1040F04DA012082460F
:1008C0000FE06D1EEEE7002F02DCED1B3E4403E05F
:1008D000781CA84200DD7D1CB81B00F1010A4FF016
:1008E00000472078000703D4AA4501DB4FF0FF3A08
:1008F0000021B7F1004F0DF143088DF8431024D0CB
:1009000002202B23002F01DA7F422D230A21021E11
:10091000A0F1010000DC5FB197FBF1FC97FBF1F265
:1009200001FB1C7C17460CF1300C08F801CDEEE7FA
:10093000A8F1010003702188090501D5452100E0D7
:100940006521A0F1010800F8011C09980FA9A1EB8D
:100950000807FF1D00B10120411901EBEA70A169F0
:100960003844081A401EA0612078C00602D42046F0
:10097000AFF30080099828B1D4E901219047206A9B
:10098000401C20622078C00622D52046AFF30080AC
:100990001EE0002E04DBB34502DD01A8805D00E00F
:1009A0003020D4E901219047206A401C2062761C47
:1009B000AAF101005FEA000A0AD100F041F8C0681C
:1009C0000168405CD4E901219047206A401C206204
:1009D000281EA5F10105DCDC07E0D4E9012118F8A7
:1009E000010B9047206A401C2062381EA7F10107C6
:1009F000F3DC2046AFF30080032011B041E6000095
:100A000001694A1C02610878704700B58FB0CDE9D2
:100A100001310021059105497944CDE903101146C2
:100A20006846FFF7FBFC0FB000BD0000E5FFFFFFCD
:100A3000D1E900239A4202D2531C0B601070704718
:100A400000487047B0010020004870479001002026
:100A500030B5B0F10A0271F100034FEA900E4EEA90
:100A6000817EB0EB0E0061EB91014FEA101E4EEA61
:100A7000017E10EB0E0041EB11114FEA102E4EEAF1
:100A8000016E10EB0E0041EB11214FEA104E4EEAC1
:100A9000014E10EB0E0041EB1141401841F10001F5
:100AA0004FEAD00040EA41704FEAD1014FEA810499
:100AB00044EA907410EB800544EB01046D1944EB9B
:100AC0000404521BA3414FF0000348BF0A3200D573
:100AD00030BD401C41F1000130BD00002DE9F04166
:100AE0001F46044603260168072A01F4006004DB60
:100AF00008B116A505E016A503E008B115A500E0AC
:100B000015A521F010002060A069C01EA0610FB1E2
:100B1000401EA0612046AFF300804FB1D4E901210F
:100B200038469047206A401C2062C01C206206E0C4
:100B3000206AFAE7D4E9012115F8010B9047761EE7
:100B4000F8D22046AFF30080BDE8F0814E414E0060
:100B50006E616E00494E4600696E66002DE9F047F1
:100B6000814616468AB0354878440DC88DE80D0098
:100B700032487844801C03AC0DC884E80D0041F66F
:100B80009B300844372190FBF1F290FBF1F5A5F181
:100B9000800501FB12041B3C02D56442012000E0E9
:100BA0000020DFF898A080460027FA44AAF1BE0A88
:100BB0000EE0E0070AD03246684607EB4701012302
:100BC0000AEB81010CF0A3FA8DE8070064107F1C8A
:100BD000002CEED1194F7F44AE3F19E0E80715D045
:100BE00007EB04100DF1180A90E80E008AE80E00D9
:100BF000C068F04201D1981908903246012306A935
:100C000003A80CF084FA03AB83E807006D10641CA2
:100C1000002DE3D14FF0010332466946B8F1000FD1
:100C200003A802D00CF05EFA01E00CF070FAC9E9FA
:100C30000001C9F808200AB0BDE8F0876CCE0000BA
:100C400000487047900100207546FFF7F9FFAE4657
:100C500005006946534620F00700854618B020B5C8
:100C6000FFF732FBBDE820404FF000064FF00007D1
:100C70004FF000084FF0000BAC46ACE8C009ACE800
:100C8000C009ACE8C009ACE8C00921F007018D46F5
:100C9000704710B50446AFF300802046BDE8104011
:100CA000FFF7FEBA0000000030B44FF0013C50F8EE
:100CB000042B51F8043BCCFA52F4D51A20D1FCB9DC
:100CC00050F8042B51F8043BCCFA52F4D51A17D142
:100CD000B4B950F8042B51F8043BCCFA52F4D51AAD
:100CE0000ED16CB950F8042B51F8043BCCFA52F4F5
:100CF000D51A05D1002CDAD030BC4FF00000704777
:100D000029BAB1FA81F111F01801D1F12000844023
:100D1000F2D1CA40CB4012F0FF0213F0FF0330BC07
:100D2000D01A704701491820ABBEFEE7260002002A
:100D3000704700000020C4F202001021012201F0DF
:100D4000B5B900000020C4F202001021002201F019
:100D5000ADB900007047000040F20040C4F202004C
:100D60000121012201F0A2B940F20040C4F20200C8
:100D70000121002201F09AB9B0F9003040F2680C6C
:100D8000C2F2000C00EE103A9CED001AB8EEC00A58
:100D900021EE000A81ED000AB0F902309CED001A44
:100DA00000EE103AB8EEC00A21EE000A81ED010A09
:100DB000B0F9043000EE103AB8EEC00A21EE000A95
:100DC00081ED020AC3798179007A1B0243EA00406F
:100DD000084400EE100A9FED041AB8EE400A20EE17
:100DE000010A82ED000A704700401C427047000073
:100DF00009F0A4BE012009F0A1BE0000B0F9002056
:100E000000EE102A40F26802C2F2000292ED011ACE
:100E1000B8EEC00A21EE000A81ED000AB0F90230F6
:100E200092ED011A00EE103AB8EEC00A21EE000A67
:100E300081ED010AB0F9040000EE100AB8EEC00A14
:100E400021EE000A81ED020A7047000010B5FFF79D
:100E500081FFFFF7CBFF08F0A5FF08B1802402E077
:100E600008F054FE044609F0CDFA00281CBF44F0F7
:100E7000400010BD09F0BEF9204310BD2DE9F04F30
:100E800083B002920E460190FFF75CFF922000F0C3
:100E9000C3F8922000F0C0F8552000F0BDF880465D
:100EA000552000F0B9F80546552000F0B5F8824607
:100EB000552000F0B1F80446552000F0ADF8834607
:100EC000552000F0A9F80746FFF734FF48EA05204F
:100ED00040F2680900B2C2F2000900EE100A99ED72
:100EE000001AB8EEC00A4AEA042021EE000A00B255
:100EF00086ED000A00EE100A4BEA072000B299EDD9
:100F0000001A02EE100AB8EEC00AB8EEC22A21EEAC
:100F1000000A21EE021A86ED010A86ED021AFFF799
:100F200023FF802000F078F8552000F075F8064681
:100F3000552000F071F8552000F06EF882465520DB
:100F400000F06AF80546552000F066F88346552003
:100F500000F062F80446552000F05EF80746552080
:100F600000F05AF88046FFF7F7FE0F2E25D14AEA27
:100F7000052000B200EE100A99ED011AB8EEC00A81
:100F800001994BEA042021EE000A00B281ED000A2B
:100F900000EE100A47EA082000B299ED011A02EEAD
:100FA000100AB8EEC00AB8EEC22A21EE000A21EEFD
:100FB000021A81ED010A81ED021AFFF7C3FEA22099
:100FC00000F02AF8A22000F027F8552000F024F8BD
:100FD000044646B2552000F01FF80546FFF7AAFE6A
:100FE000E00040EA55104FF60001CFF6FF71002EE9
:100FF00048BF084300EE100AB8EEC00AB4EE001A6B
:1010000020EE010AB3EE071A029830EE010A80EDD5
:10101000000A03B0BDE8F08F80B582B08DF80700FC
:1010200042F2AC104FF47A7CC2F200000DF10701DD
:101030000DF106020123CDF800C003F02BF89DF856
:10104000060002B080BD000090F900204078D3B2C5
:10105000DB0043EA50104FF60003CFF6FF73002A7F
:1010600048BF184300EE100AB8EEC00AB4EE001AEA
:1010700020EE010AB3EE071A30EE010A81ED000AF4
:1010800070470000FEE7000041F66430C2F2000045
:1010900000F0BCBA41F68C30C2F2000000F0B6BAE3
:1010A000002070470020704710B541F68804C2F256
:1010B000000441F28801C2F200012046002206F03D
:1010C000FFFA40F68801C2F20001204606F0EAFA73
:1010D000002010BD10B541F68804C2F2000401469C
:1010E000204606F0DFFA204606F0B6FA002010BDD2
:1010F0000020704741F68802C2F20002D2F8BC22FA
:10110000D2F81432002B1CBF0120704710B541F6F5
:101110008804C2F200040A460146204606F0D0FACE
:101120002046BDE8104006F04FBB0000B0B542F2CB
:10113000AC10C2F20000C16C46F2A040C4F2020042
:101140000968A0F1480246F29F059142C4F20205E7
:1011500022D950F89C2CA9424FF0200364DD46F2BE
:101160003F45C4F20205A94278DC46F2A005C4F26C
:101170000205A94200F08A8046F21045C4F2020539
:10118000A94200F0CC8046F22843C4F202039942FF
:1011900000F0C38080E100BF46F25802C4F20202B0
:1011A00002F1600399421FD9D2F8A823A9424FF057
:1011B000200340F38F8046F23F45C4F20205A94266
:1011C00000F3D08046F2A005C4F20205A94200F067
:1011D000F18046F21045C4F20205A94200F00481F4
:1011E00046F22843FAE000BF914255D952F854CC58
:1011F000A9424FF0200455DC46F23F05C4F2020537
:10120000A94240F3F58046F24005C4F20205A94226
:1012100000F0D68046F27005C4F20205A94200F043
:10122000F58046F28805EBE046F23F05C4F2020580
:10123000A94265DD46F24005C4F20205A94225D067
:1012400046F27005C4F20205A94268D046F288034E
:10125000C4F20203994214D01EE100BF46F2404599
:10126000C4F20205A94211D046F27045C4F202054B
:10127000A94254D046F28843C4F20203994240F096
:101280000B814FF4006313424CD13CE14FF4001347
:10129000134247D137E100BF52F858CCA9424FF072
:1012A0002004A9DD46F23F45C4F20205A94271DCE3
:1012B00046F2A005C4F20205A94200F0818046F280
:1012C0001045C4F20205A94200F0A08046F228456C
:1012D00096E000BF46F23F05C4F20205A94275DD63
:1012E00046F24005C4F20205A94263D046F27005F9
:1012F000C4F20205A94277D046F2880340E000BF5D
:1013000046F21005C4F20205A94208D046F22803AD
:10131000C4F20203994240F0BF804FF400631342CD
:1013200000F0F18046F27042C4F2020291420BD00A
:1013300046F28842C4F20202914209D14FF400629F
:1013400040F8942CF1E000BF202240F8942CECE00F
:101350004FF00062814208BF4FF4001240F8942C15
:10136000E3E000BF46F24045C4F20205A94221D0A5
:1013700046F27045C4F20205A94235D046F28843D0
:10138000C4F20203994240F0A9804FF40063134273
:1013900042D1B8E046F24045C4F20205A9420FD05E
:1013A00046F27045C4F20205A9422FD046F28845A4
:1013B00026E000BF4FF4001313422DD1A3E000BF7D
:1013C0004FF4001404EA0C0525BB9CE046F210051E
:1013D000C4F20205A94207D046F22803C4F2020370
:1013E00099427BD14FF40063134215D18BE000BFCB
:1013F00046F21005C4F20205A94207D046F22805BC
:10140000C4F20205A94273D14FF4006404EA0C054A
:10141000002D78D0994219D946F21042C4F2020246
:10142000914235D046F22842C4F20202914229D0BC
:1014300046F24042C4F2020291420CBF4FF4001146
:101440004FF0006140F8981C6FE000BF91422DD929
:1014500046F27000C4F2020081425FD046F288007A
:10146000C4F2020081424FD046F2A000C4F2020052
:1014700081420CBF4FF400104FF0006042F84C0C5A
:1014800053E000BF4FF4006140F8981C4DE000BFEE
:10149000202140F8981C48E04FF00063814208BFCB
:1014A0004FF4001313427FF43DAF2CE046F21000DE
:1014B000C4F20200814235D046F22800C4F2020094
:1014C000814227D046F24000C4F2020081420CBFA4
:1014D0004FF400104FF0006025E000BF4FF00063B4
:1014E000814208BF4FF40013134295D10BE000BFB7
:1014F0004FF00064814208BF4FF4001404EA0C0569
:10150000002D7FF487AFB0BD4FF4006042F84C0C63
:101510000BE000BF4FF4006005E000BF202042F860
:101520004C0C02E0202042F8500C40F2D025C2F2D0
:101530000005287800248007C4F2020422D46878C9
:10154000800730D4A87880070CD5A878102100F047
:10155000FD00A870A878012240F00400A870204681
:1015600000F0A4FD09F02CF92878400758BFB0BD61
:1015700043F61040C4F20100016841F0010101602E
:10158000B0BD00BF2878012100F0FD002870287848
:10159000012240F00400287004F5806000F086FD10
:1015A00068788007CED56878102100F0FD0068705B
:1015B0006878012240F004006870204600F076FD53
:1015C000A8788007C1D4CDE741F61440C2F20000EC
:1015D00000F06EBA70470000012000F08BBC0000E4
:1015E000022000F087BC0000082000F083BC00004F
:1015F000102000F07FBC0000202000F07BBC000029
:1016000072B600BFFEE70000704700002DE9F04F02
:1016100081B0044600684669D0F804908768D0F825
:101620000CB0D0F810A0D0F81880F10704D1002534
:1016300030071DD424E000BFF90710D00121BA07FC
:10164000816009D4780700F1AF80380700F1B680D7
:10165000204600F01FFA02E0204600F01DFA0025A7
:10166000F80500F18780F80300F1B180300707D555
:101670001BF0100004D0206845F400751021C160F3
:10168000700708D51BF0080005D020680821C1604C
:10169000204600F0F5F9B00706D52068C06880073D
:1016A00002D0204600F0EEF9700607D51AF01000BF
:1016B00004D0206845F4806510210161B00608D58A
:1016C0001AF0080005D0206808210161204600F0CA
:1016D000DBF9F00606D520680069800702D02046B5
:1016E00000F0D4F9B00308D519F0100005D0206837
:1016F00010214160204600F0CBF9F00308D519F025
:10170000080005D0206808214160204600F0CEF98D
:10171000300440F19B805FEA497040F1948006F408
:10172000807008EA102028435FEA8871014648BFAC
:1017300041F00201B20558BF01465FEA48700D460C
:1017400048BF45F00405700558BF0D46300540F10F
:101750007A8018F0700000F07680103800090528B3
:101760006CD8DFE800F003655D61596945F0080554
:1017700064E000BF20684FF48071BA0581600BD42B
:10178000780515D438051DD4204600F087F9F803F4
:101790007FF56CAF1BE000BF204600F081F9F80335
:1017A0007FF564AF13E000BF4FF4006558E700BF5A
:1017B00005F50055F8037FF559AF08E04FF4805563
:1017C0004EE700BF05F58045F8037FF54FAF206871
:1017D0004FF48031BA0381600AD4780310D43803FF
:1017E00014D4204600F05EF930073FF541AF47E7DB
:1017F000204600F059F930073FF53AAF40E700BF07
:1018000005F5004530073FF533AF39E705F580357D
:1018100030073FF52DAF33E745F080050EE000BF00
:1018200045F020050AE000BF45F0400506E000BF96
:1018300045F0100502E000BF45F48075206881691D
:1018400021F07001816120680421416055B1606A16
:1018500040EA05012046616201B0BDE8F04FFFF7A4
:10186000D3BE00BF01B0BDE8F08F0000002804BF68
:1018700001207047B0B5044690F8200010B920460A
:1018800000F06EF82068016841F00101016000F08D
:1018900013FC054620684168C90705D100F00CFC1F
:1018A000401B0B28F6D310E0016821F00201016013
:1018B00000F002FC054600BF2068416889070DD58D
:1018C00000F0FAFB401B0B28F6D3606A052140F4B8
:1018D00000306062012084F82010B0BD217E0268D3
:1018E000012922F0800208BF80320260617E026816
:1018F000012922F0400208BF40320260A17E026846
:10190000012922F0200208BF20320260E17E026835
:10191000012922F0100218BF10320260217F0268F4
:10192000012922F0080208BF08320260617F0268C4
:10193000012922F0040208BF04320260D4E901C286
:10194000D4E9033561691A432A431143ACF101021A
:101950001143C16100200121606284F82010B0BDF4
:1019600010B586B0006846F60002C4F200020021FD
:101970009042CDE90411CDE90211019134D046F233
:101980000041C4F20001884277D140F22041C2F206
:1019900000010A6843F64000C4F20200531C0B60C9
:1019A00052B900210091016841F0007101600168A5
:1019B00001F00071009100990021009150F8101C75
:1019C000142441F0080140F8101C50F8100C0321B9
:1019D00000F008000090009840F20040C4F20200BD
:1019E00000F5006035E000BF43F64000C4F202009D
:1019F0000091016841F080610160016801F080613F
:101A00000091009940F22041C2F200010A68531C83
:101A10000B6052B900210091016841F00071016032
:101A2000016801F00071009100990021009150F8C7
:101A3000101C412441F0020140F8101C50F8100C19
:101A4000602100F002000090009840F20040C4F2D3
:101A500002000191022102910021039103210491CE
:101A60000921059101A900F051FA20460521002223
:101A700000F0C2FE204600F0ADFE06B010BD000032
:101A8000704700007047000070470000704700007A
:101A9000704700007047000070470000704700006A
:101AA000704700007047000070470000704700005A
:101AB000F0B581B00021009140F28C01C2F200012A
:101AC0000B68D0E9166148F2B51537680822C1F6EF
:101AD0004E358A403A42A3FB05350CD003681C689A
:101AE000640708D51C6824F004041C60B260426DD1
:101AF00042F00102426501228A403A4208D003685E
:101B00005B691B0604D5B260426D42F00202426579
:101B100004228A403A4208D003681B689B0704D518
:101B2000B260426D42F00402426510228A403A429D
:101B300019D001680B681B0715D5B2600B680A68DD
:101B40005B0309D4D20509D40A6822F008020A60AE
:101B5000016C29B907E000BF110341D4016C11B138
:101B6000044688472046C26D202101FA02F33B4219
:101B700043D001680F68FF063FD5B36090F8357019
:101B80000B68052F1CD123F016030B604B6923F063
:101B900080034B61036C0BB9836C1BB10B6823F0A2
:101BA00008030B603F219140B160012180F835109E
:101BB000016D0022002980F8342054D158E000BF84
:101BC0000A685B0310D4D20512D40A6822F010020E
:101BD0000A60012180F83510002180F8341007E0F8
:101BE000816C0029BCD1BEE7110301D4416C00E037
:101BF000C16B11B1044688472046416DC1B3416DA8
:101C0000C9072ED0052180F835100168AA0A0B6893
:101C100023F001030B60009B0133934200931AD819
:101C20000B68DB0717D0009B01339342009312D857
:101C30000B68DB070FD0009B0133934200930AD857
:101C40000B68DB0707D0009B01339342009302D857
:101C50000B68DB07DFD1012180F83510002180F807
:101C60003410C16C21B101B0BDE8F040084700BF9D
:101C700001B0F0BD2DE9F041044600F01DFAECB1D1
:101C80000546022084F835000020216884F83400DD
:101C9000086820F00100086021680868C00711D0BA
:101CA00000F00AFA401B0528F6D90325202303205B
:101CB000636584F83550BDE8F08100BF0120BDE8C0
:101CC000F08100BF086848F23F02CFF21002D4E969
:101CD000013500EA020C04F10C0898E8C10143EA5E
:101CE0000C032B431843D4E9072E304338431043E9
:101CF000626A40EA0E00042A40EA08031CD1206B05
:101D0000D4E90A2E40EA0E00184308604869BEF183
:101D1000000F20F0030040EA020040F0040C11D054
:101D2000B8F5005F36D0B8F1000F45D1022A46D091
:101D3000012A3BD032B942E00B60486920F007002D
:101D400040EA020C01F0F8004AF6AB221038CAF65D
:101D5000AA22A0FB02231A094DF61A23C1F814C0C7
:101D6000C0F600039A5C40F2FF335F284FF03F005B
:101D700021EA030100FA02F088BF0431C4E9161217
:101D80008860002301250020636584F83550BDE894
:101D9000F08100BF032AD5D8012540230120DFE8C8
:101DA00002F0030E030500BF82E700BFAEF1C07072
:101DB000B0FA80F0400904E0032A04D3C2D1CEF384
:101DC00000600028BED0012540230120636584F80F
:101DD0003550BDE8F0810000B0B5044600F06CF964
:101DE000054640F20000C2F200000078611C18BFF6
:101DF000044400BF00F060F9401BA042FAD3B0BD1C
:101E000010B501381F2800F27380DFE800F0114997
:101E100071717171712F7171717171717151717114
:101E2000717171717171717171717171716300BFD3
:101E30000AF0CCFD01285BD040F2D024C2F20004AD
:101E4000206904F1300109F0F9FB206B002808BF7C
:101E500010BD4EF60450CEF200004FF080510160EC
:101E6000BFF34F8FBFF36F8F10BD00BF40F2D02183
:101E7000C2F20001C87840F00100C870C87810F0C4
:101E80000100C87034D0C87800F0FE0240F248303B
:101E9000C2F200005030CA70BDE8104008F000BE29
:101EA00040F2D020C2F200000121C17120E000BF49
:101EB00040F2D020C2F20000417841F001014170AF
:101EC000817841F001018170007988B1BDE810404E
:101ED00008F076BC40F2D020C2F20000017841F058
:101EE00001010170007918B1BDE8104008F068BC2C
:101EF00010BD000043F61441C4F201010A68024219
:101F000014BF08607047FFF77BBF00002DE9F04F5A
:101F100083B000F1200200F13E4741F600450092F7
:101F200007F1FF77C4F2020508224FEAB726A8425C
:101F300008BF072200254FF000084FF00009072EC8
:101F400038BF4FEAB72201920AE000BF09F1010948
:101F500008F10208B9F1100F05F1040500F0A280A4
:101F60000F68012202FA09FE17EA0E0AEED0D1F834
:101F700004C003220CF003077E1E02FA08F4012EAF
:101F80006FEA040B12D88468CE6804EA0B0406FAE0
:101F900008F634438460446824EA0E06CCF3001447
:101FA00004FA09F42643466004E000BF032F01D180
:101FB00003271EE0C6688C6806EA0B0604FA08F4DC
:101FC0002643022FC66014D16FF00302009E02EA7E
:101FD000590756F807C005F01C040F220B69A240F0
:101FE0002CEA0202A3401A43F251D1F804C00CF0CB
:101FF0000307026807FA08F302EA0B021A431CF40B
:10200000403F0260A2D0002243F644030292C4F291
:1020100002031A6843F6004442F480421A601A68C8
:10202000C4F2010402F480420292029A29F00302EF
:102030004FF6084C2244CFF6FF7C52F80C3005F0E6
:102040000C070F26BE40B343019E06FA07F73B4339
:1020500042F80C30A2684B6842EA0A0743F60C4C7F
:10206000DE0258BF22EA0A07A760C4F2010CDCF8BE
:1020700000209E0242EA0A0758BF22EA0A07CCF86B
:10208000007062689E0342EA0A0758BF22EA0A0704
:1020900067602268DB0342EA0A0758BF22EA0A07A0
:1020A000276053E703B0BDE8F08F0000002A08BFA7
:1020B000090481617047000045F62070C2F20000FB
:1020C00000687047002804BF01207047F0B581B058
:1020D000044690F83D0028B9002084F83C002046D2
:1020E00000F07CFA242084F83D002068016821F08B
:1020F00001010160016841F400410160016821F4BF
:102100000041016001F0A4FC636848F2A16CC0F2D8
:10211000010C40F60011C0F23D0163453CBF48F29E
:102120008041C0F21E01884202D2012001B0F0BD00
:102130004DF68361C4F21B31A0FB01122168970C9C
:10214000D1F804E04FF496762EF03F0545EA92452B
:102150004D60774348F638160D6AC0F24106A7FB7A
:10216000067625F03F07634538BF960C721C3A434C
:102170000A62CA6948F2A0664CF6FF77C0F201060F
:10218000B34222EA07020BD801385B00B0FBF3F040
:1021900001306FF31F30042898BF04201BE000BFFC
:1021A000A768013857B119277B43B0FBF3F0013022
:1021B0006FF31F3070B100F5804007E003EB43037D
:1021C000B0FBF3F001306FF31F3018B100F50040A1
:1021D00001E000BF01201043C8610868D4E907236B
:1021E00020F0C000104318430860886848F2FF32AE
:1021F00004F10C0790438CCF18431043A669886004
:10220000C86820F0FF0038433043C860086840F0D9
:102210000100086000202021206484F83D10206324
:1022200084F83E0001B0F0BD2DE9F04784B0994636
:1022300016460F460446FFF73FFF94F83D1020294D
:1022400027D10546206800BF816989071CD5FFF7A3
:1022500033FF411B20681A29F6D381698907F3D51A
:1022600000202021206384F83D1084F83E00206C7B
:1022700004F13C0A40F020002064022000218AF88A
:10228000001004B0BDE8F087A2461AF83C1F0129EF
:1022900004D1022004B0BDE8F08700BF01228AF813
:1022A00000200368DDE90D180C9ADB0703D10368F1
:1022B00043F001030360036823F4006303602220FA
:1022C00084F83D00402084F83E00002020646262D3
:1022D0006185608D394620850020CFF6FF70E06271
:1022E000204632464B46CDE9008502F099FB18B1F5
:1022F000012004B0BDE8F087208D08B3022813D078
:10230000012835D121680A6822F480620A6000221F
:1023100003924A6903928A690392039A0A6842F413
:1023200000720A602CE000BF21680A6822F4806213
:102330000A600A6842F400620A60002203921AE00E
:1023400000200390206841690391816903910399FA
:10235000016841F400710160202084F83D000020F4
:1023600084F83E0000218AF8001004B0BDE8F08730
:102370000021039121684A690392896903910399B5
:102380000427C0F201070CE010690870606A218D13
:1023900001306062481E2085618D0139618501042C
:1023A000DAD080B203280FD802284AD001282DD1D4
:1023B000204641462A4602F0D1FD002898D12068E7
:1023C000616A0069E1E700BF204641462A4602F003
:1023D000C5FD00287FF48CAF2068616A0069087031
:1023E000606A2268411C208D616201382085638DFE
:1023F000013B638553695B07D1D580B20328C3D104
:10240000106820F480601060BEE700BF20463946A7
:1024100000224346009502F04FFC00287FF468AF8D
:102420002068616A026822F48062026000690870B4
:10243000606A218D01306062481E2085608D013800
:1024400060852046394600224346009502F034FC60
:1024500000287FF44DAF2068616A026842F4007280
:10246000026000690870606A2268411C6162218D07
:1024700001392185618D013961851169417085E7D7
:102480002DE9F04383B0994616460F460446FFF700
:1024900013FE94F83D10202924D10546206800BF82
:1024A000816989071AD5FFF707FE411B20681A29A1
:1024B000F6D381698907F3D500202021206384F8B1
:1024C0003D1084F83E00216C41F02001216484F825
:1024D0003C00022003B0BDE8F08300BF94F83C103C
:1024E000012903D1022003B0BDE8F083012284F862
:1024F0003C200368DDE90B180A9ADB0703D1036867
:1025000043F001030360036823F4006303602120A8
:1025100084F83D00402084F83E0000202064626280
:102520006185608D394620850020CFF6FF70E0621E
:10253000204632464B46CDE9008502F0FBFA18B141
:10254000012003B0BDE8F083208D98B920464146B4
:102550002A4602F053FB88B3206C0428F0D120688F
:10256000016841F400710160012003B0BDE8F0830F
:102570000004EBD0204641462A4602F037FD0028F1
:10258000EAD1616A2268084610F8013B1361238D85
:102590006062581E2085678D013F678557697F07F8
:1025A000E6D50704E4D048781061881C6062981E64
:1025B0002085618D01396185DAE700BF20680168F7
:1025C00041F400710160202084F83D00002084F86F
:1025D0003E0084F83C0003B0BDE8F0832DE9F047ED
:1025E00086B045F600460068C4F200060025B042F9
:1025F0000595CDE903550295019503D006B0BDE8D8
:10260000F08700BF43F630070095C4F20207386830
:1026100001AC40F00400386038684FF0120800F058
:10262000040000900098009538684FF0030940F0CE
:102630000100386038684FF0040A00F00100009093
:1026400000984FF40070019006F5D6302146CDE990
:102650000285CDF81090CDF814A0FFF757FC4FF489
:102660008070CDE9010803A880E8200606F5D23085
:102670002146FFF74BFC0095386940F400003861B3
:10268000386900F400000090009806B0BDE8F087BB
:1026900040F2000045F62071C2F20000C2F20001D3
:1026A00000780A68104408607047000080B543F65F
:1026B0000040C4F20200016841F400710160016849
:1026C00041F480610160016841F480710160032080
:1026D00000F0BEF80F2000F005F800F059F80020D7
:1026E00080BD0000B0B586B0002543F644010195D9
:1026F000C4F202010A68044642F002020A60096854
:1027000001A801F0020101910199694601F07AF9ED
:1027100001F0B2F94DF683614000C4F21B31A0FB19
:1027200001014FF0FF3000EB914142F24C2040F2AA
:102730000042C2F20000C4F2010240F2E733C0E9F5
:102740000021C0E902530561856101F047FE08B12F
:1027500006B0B0BD42F24C20C2F2000001F086FE8D
:102760000028F5D12C2000F035F80F2C0CD82C20A7
:102770002146002200F040F840F204010020C2F29D
:1027800000010C6006B0B0BD012006B0B0BD000075
:1027900082B0002043F640010190C4F202014A6871
:1027A00042F480424A604A6802F480420192019AEF
:1027B00000900868002240F08050086008680F21EF
:1027C00000F08050009000986FF0010002B000F01F
:1027D00013B80000002848BF704700F01F01012215
:1027E00002FA01F11C2202EAD0004EF20012CEF2EF
:1027F000000281507047000010B54EF60C5CCEF21E
:10280000000CDCF80030C3F3022E8EF00704042C19
:1028100028BF0424BEF103034FF0FF3E0EFA04F478
:1028200038BF0023A14399400EFA03F39A431143A2
:1028300000F00F0200F160430901043A03F564431C
:102840006244002848BF02F10C03197010BD00005B
:102850004EF60C51CEF200010A684FF6FF031A4003
:1028600060F30A2242F0806040F0FD70086070471B
:102870007047000002680020516270472DE9F04166
:10288000D0F80080D8F8243091B1D8F82870B1F190
:10289000010C03EB17414FD05FFA8CF708F58273F8
:1028A000042F0CF0030E0BD2002700242BE000BFF6
:1028B00043EA02410020C8F82810BDE8F08100BFBB
:1028C0000CF0FC0508F1F406002400BF56F8107F58
:1028D00044F0020001EB174144F00107FFB253F846
:1028E0002770C0B253F8200001EB174101EB1040F4
:1028F00044F00301C9B253F821100434E7B2AF42E7
:1029000000EB1141E2D1BEF1000F15D053F82700C2
:10291000BEF1010F01EB10410ED0601CC0B253F8A4
:102920002000BEF1020F01EB104105D0A01CC0B287
:1029300053F8200001EB104141EA024008EB8C0102
:10294000C1F804010020BDE8F0810000D0F8E004E7
:1029500005F070BA01EBC102D0F8E03400EB820060
:10296000026A184605F0CAB901EBC102D0F8E0349A
:1029700000EB8200D0F86022184605F01DBA000076
:10298000D0F8E00405F058BA10B54FFA81FC4FF4C6
:10299000157201F00F0EBCF1000F48BF142290F821
:1029A000944402440EEBCE034FEAD11C02EB8301A8
:1029B000012C81F801C002F823E004BF022010BD01
:1029C0000268012380F894340446104606F032F879
:1029D000002084F8940410BDB0B5037901F00F0213
:1029E0009A4284BF0120B0BD4BB24FF41574002B46
:1029F00048BF142400EB040E90F8944402EBC20389
:102A00004FEAD11C0EEB8301012C4FF0000481F83A
:102A100001C08C700EF8232004BF0220B0BD0268F4
:102A2000012380F894340546104606F0F7FA204654
:102A300085F89444B0BD000001F00F0101EBC10125
:102A400000EB8100D0F868027047000010B54FFA23
:102A500081FE01F00F0CBEF1000F6FF3DF220CEBD3
:102A6000CC010DD400EB810E00240EF515718EF80B
:102A700055428EF854C2CEF85C228EF8583209E0E6
:102A800000EB810101F814CF01244C708A600B71B6
:102A9000A1F81AC0022B04BF00224A7190F89424B6
:102AA000012A04BF022010BD0268012380F894347B
:102AB0000446104605F030FE002084F8940410BD52
:102AC00010B501F00F0E0EEBCE0100EB81044FF0BC
:102AD000000CC4F868C284F855C290F806C004F52A
:102AE0001571C4F86022C4F86432BCF1010F84F897
:102AF00054E208BFCA610068624606F0D9FA0020B5
:102B000010BD0000B0B5027901F00F0494424FF0FF
:102B100001022CD84BB24FF41575002B48BF142579
:102B20004FEAD11C48BF2146054401EBC10305EB28
:102B3000830181F801C090F894C48A70BCF1010F40
:102B400005F8234004BF0220B0BD026801230546FA
:102B500080F89434104606F08BFA2CB92868A979CD
:102B600005F29C4206F02CFA002285F894241046C7
:102B7000B0BD000001F00F0C0CEBCC0100EB8101AB
:102B800001F814CF4FF0000C0B618379C1F814C029
:102B90004FF0010CCA60012B81F801C008BFCA6167
:102BA00080B500681A4606F083FA002080BD000058
:102BB0002DE9F04F87B005688246284606F094FC60
:102BC00010B107B0BDE8F08FDAF8000006F0BAFCEB
:102BD0000028F6D0D5F80808C0F30D21DAF8000077
:102BE000CAF8D41406F0AEFC0146DAF800008907F2
:102BF00003D5416901F00201416105F500610491CD
:102C000006F0A0FC0146DAF80000C906059535D5A6
:102C1000816921F0100181612C6A04F00F0000EB42
:102C2000C0000AEB8001C4F34340062801F5157586
:102C300012D002281BD147F6F07014EA000616D015
:102C4000E96834090598224606F080FCE86800EB44
:102C50001610E86008E000BF05980AF29C410822BF
:102C600006F074FCC4F30A14686920446861DAF859
:102C70000000816941F010018161059D06F062FC50
:102C8000000340F1F180DAF8000006F039FC00287A
:102C900000F0EA8006460AF29C404FF430680024B7
:102CA0004FF0000B069019E005EB0800022181604F
:102CB000B80642BF05EB080020218160B80442BF7E
:102CC00005EB08004FF4005181600BF1010B760811
:102CD00008F1200804F1240400F0C680F007F4D0C5
:102CE000DAF800005FFA8BF9494606F023FC074644
:102CF000C00760D005EB080001218160DAF8000010
:102D000008EB0001036C8A689AF80650012D25D162
:102D1000150733D4950600F19F8043F20B05C4F6E6
:102D20005475AB42059D02D312F4004230D10AEB38
:102D30000402D2F8743209696FF3DF41A3EB010199
:102D4000C2F868129CBBD2F86432002B00F08A8073
:102D5000D2F860020844C2F8600228E043F20B0592
:102D6000C4F65475FF35AB4218D1059D10040FD43D
:102D7000900644BF2020886019E000BF43F20B009A
:102D8000C4F65470059D834215D312F4004012D04E
:102D90004FF40040886038070FD43DE0059D34B9FA
:102DA000DAF8641219B90021069A06F009F95046BA
:102DB0004946FFF7D9FD38072ED505EB0800082155
:102DC0008160DAF8000043F20B02056C4044816830
:102DD000C4F6547295420BD311F4004108D04FF45D
:102DE00000418160504600F019FD059D0AE000BFDA
:102DF000504600F013FD43F20B00C4F654708542B8
:102E0000059D09D39AF80600012805D1DAF80000DB
:102E1000069A012106F0D4F8F80642BF05EB080037
:102E200010218160B8077FF543AF6869000604D5BB
:102E30000499486840F4806048600AEB040090F808
:102E4000571201297FF430AF002180F85712504605
:102E5000494600F031FB27E720208860059D3807B0
:102E6000ABD4D9E701219FE7DAF80000CDF818A02C
:102E700006F068FB400340F1D3800698006806F036
:102E800037FB002800F0CC800646069805F510694F
:102E900000F1140100F29C40002703910190CDF84D
:102EA000089004E0760807F1010700F0B980F00708
:102EB000F8D006985FFA87FA0068514606F028FBBA
:102EC0000446C00726D0049A07F00F00516B012377
:102ED00003FA00F021EA0000506309EB4710836019
:102EE00006988079012811D1039907EBC70001EBFF
:102EF0008000D0E902121144C1603FB9006928B9CD
:102F00000698019A0068012106F05AF80698514681
:102F1000FFF720FD200742BF09EB47100821816021
:102F2000E00642BF09EB471010218160600642BFF6
:102F300009EB471040218160A00716D52846394685
:102F400006F064FA039907EBC70001EB800010F864
:102F5000031F012905D1002101700698514600F098
:102F6000A7FA09EB47100221816020069AD5039940
:102F700007EBC70001EB8008D8E90420824291D317
:102F80000699D8F808300C68111A994238BF0B46D8
:102F900004EB4711D1F818C903F1030E1FFA8CF3A3
:102FA000B3EB9E0F2DD301F5106900BFD8F81020A8
:102FB000824224D9101A069AD8E902B19579584567
:102FC00038BF83461FFA8BF3204652460095059D75
:102FD00006F064FDD8F80C00D8F814105844C8F86E
:102FE0000C0001EB0B00C8F81400D9F818100BF115
:102FF000030289B2B1EB920FD8D2D8F81020DDF8D5
:10300000089082423FF64EAF07F00F00D4F8341814
:10301000012202FA00F021EA0000C4F8340841E776
:10302000DDF81890D9F8000006F08CFA002821D4B9
:10303000D9F8000006F086FA00053AD4D9F8000065
:1030400006F080FAC00445D50499486820F00100D4
:103050004860D9F80000102106F0D8F999F804006A
:10306000010600F0EC80C1B2042900F0030035D263
:1030700000219AE00499486820F00100486099F81E
:10308000CC04012808D1002089F8CC04484600214E
:10309000FFF7EEFB03E000BF484600F0A3FBD9F8C2
:1030A0000000416901F00041416106F04BFA000562
:1030B000C4D504988068C00702D0484600F0D6FB0B
:1030C000D9F80000416901F40061416106F03AFA63
:1030D000C004B9D4D9F80000DDE000BF6FF0600291
:1030E00002EA411200234FF67F370021EE18C6F89E
:1030F0000879D6F80059803325F40015C6F8005930
:10310000C6F8087BD6F8005B9A4225F40015C6F88D
:10311000005BD6F8005B01F1040145F00065C6F8DC
:10312000005BC6F82879D6F8205925F40015C6F8B2
:103130002059C6F8287BD6F8205B25F40015C6F880
:10314000205BD6F8205B45F00065C6F8205BC6F82A
:103150004879D6F8405925F40015C6F84059C6F804
:10316000487BD6F8405B25F40015C6F8405BD6F8DE
:10317000405B45F00065C6F8405BC6F86879D6F854
:10318000605925F40015C6F86059C6F8687BD6F872
:10319000605B25F40015C6F8605BD6F8605B45F00F
:1031A0000065C6F8605B059DA0D1002847D005F5F5
:1031B000106202EB41134FF67F374E019F60955925
:1031C000059B25F4001503F53063955103EB41157C
:1031D000AF609D59012825F400159D519D5945F07A
:1031E00000659D512BD04E1C02EB46147501A76063
:1031F000545903EB461624F400145451B7605F5938
:10320000022827F400175F515F5947F000675F51AC
:1032100015D0881C02EB40174FF67F364101BE6087
:10322000575803EB401027F4001757508660585842
:1032300020F400105850585840F000605850049F37
:103240008421F869442240F00110F86199F80F00D8
:1032500000284FF00B0008BF142108BF42F22B00DA
:103260007B5808BF102218437850B85840F00B0024
:10327000B850386809F29C4220F4FE603860D9F8F2
:10328000000099F8061005F09BFED9F8000041698E
:1032900001F48051416106F055F90146D9F800006A
:1032A00089041AD505F07AFAD9F8000006F00EF96B
:1032B000D9F8004089F8070000F0C4FB99F807200E
:1032C0000146204606F05EFB484600F075FAD9F844
:1032D0000000416901F40051416106F033F9000733
:1032E00006D4D9F8000006F02DF900060DD437E019
:1032F000484600F07BFAD9F80000416901F0080166
:10330000416106F01FF900062AD50599886920F069
:103310008000886199F80400022821D309F515740A
:1033200009F11405012640F27B2704E001368642AC
:1033300007F1240714D219F807100129F6D106F075
:103340000F0000EBC0023006D9F8000005EB820147
:1033500058BF04EB820105F0C9FF99F80400E5E7C6
:10336000D9F8000006F0EEF8C0024BD4D9F80000FE
:1033700006F0E8F8059D80027CD599F80410022932
:1033800026D305F53260013909F51F72012304E0E7
:103390002030013902F124021AD007681678012E74
:1033A000F6D1B7F1FF3FF3DCD9F8D46486EA1747CA
:1033B000FF07EDD102F8013CAF6947F08007AF612C
:1033C0006F693F06E4D40499486840F4007048608F
:1033D000D9F80000416901F40011416106F0B2F82A
:1033E00040004DD54846FFF7B1FAD9F800004169D1
:1033F00001F08041416106F0A5F840077FF5E1AB9F
:1034000045E000BF99F80400022827D3059909F187
:10341000140401F5126509F13B064FF0010801277C
:1034200006E000BF01372035874206F1240615D299
:1034300029687278012AF5D1B1F1FF3FF2DC07F07B
:103440000F0000EBC001D9F8000004EB810186F801
:10345000008005F04BFF99F80400E3E7D9F800007D
:10346000416901F48011416106F06CF8059D80020C
:103470003FF583AFD9F8000006F064F84000B1D4FE
:10348000D9F8000006F05EF840077FF59AABD9F84E
:1034900000004468610704D54846FFF771FAD9F87F
:1034A000000041682143416007B0BDE8F08F000093
:1034B000D0F8E00404F024BDD0F8E00404F036BDF8
:1034C000002804BF01207047F0B581B004460568AC
:1034D00090F8950428B9002084F89404204600F060
:1034E00027F90320B5F1A04F84F8950404BF00200C
:1034F000A071206805F05CFD94E80F00267C009622
:1035000005F05CF9002840F000812068002106F0F9
:1035100073F8002840F0F98094F804E0BEF1000F41
:1035200000F0EC800EF0030CBEF1040F4FF000022F
:1035300040D30EF0FC03A4F190000321012500BF4D
:10354000CE1E80F8A460A0F8BE608E1E80F8C86011
:10355000A0F8E2604E1E80F8EC60A0F8066180F8EA
:103560001011A0F82A110E1D013180F8A55080F825
:10357000A820C0E92B22C0F8B42080F8C95080F8F8
:10358000CC20C0E93422C0F8D82080F8ED5080F873
:10359000F020C0E93D22C0F8FC2080F8115180F8ED
:1035A0001421C0E94622C0F82021903099423146CA
:1035B000C6D1F21EBCF1000F31D004F1140002EBB1
:1035C000C20100EB8105012300F821200021BCF19C
:1035D000010F6B706A832971C5E9021129611ED040
:1035E000551C05EBC50600EB8607BCF1020F7B708E
:1035F00000F826507D833971C7E9021139610ED078
:10360000911C01EBC10200EB8203012500F822109E
:1036100000205D7059831871C3E902001861BEF182
:10362000000F6BD0BEF1040F4FF0000236D30EF046
:10363000FC000321234600BFCF1E83F854728F1E67
:1036400083F878724F1E83F8C0120D1D013183F884
:10365000552283F85822C3E99722C3F8642283F8DD
:10366000792283F87C22C3E9A022C3F8882283F858
:103670009D2283F89C7283F8A022C3E9A922C3F893
:10368000AC2283F8C12283F8C422C3E9B222C3F872
:10369000D022903381422946CED1EA1EBCF1000FE0
:1036A0002CD004F5157002EBC20300EB8307002158
:1036B000BCF1010F797000F823203971C7E90211BC
:1036C00039611BD0531C03EBC30700EB8706BCF129
:1036D000020F717000F827303171C6E902113161B3
:1036E0000CD0911C01EBC10200EB820300275F703C
:1036F00000F822101F71C3E902771F6194E80F00E0
:10370000277C009705F0F8F930B1022084F8950481
:10371000012001B0F0BD00BF00206074012084F8DA
:103720009504206805F0D8F9002001B0F0BD000034
:10373000B0B586B000680024B0F1A04F0594CDE983
:1037400003440294019401D006B0B0BD43F63005A5
:103750000094C4F20205286801A940F00100286025
:10376000286800F00100009000984FF4C0500190CC
:103770000220CDE90204032004900A2005900020D5
:10378000C4F20200FEF7C2FB6868052140F0800029
:10379000686000946869002240F48040686168694C
:1037A00000F48040009000984320FFF725F8432064
:1037B000FFF710F806B0B0BD10B50446C07928B1C7
:1037C000022801D0FDF71CFF012100E00021D4F800
:1037D000E00404F033FCD4F8E004BDE8104004F049
:1037E000E1BB0000D0F8E00404F00EBCD0F8E00427
:1037F00004F014BC90F89424012A04BF02207047FE
:1038000010B5012280F894244174026804461046E1
:1038100006F0A6F8002084F8940410BDD0F8E02447
:1038200000F29C41104604F01FBC000010B5044695
:1038300090F89404012804BF022010BD20680121E3
:1038400084F89414C168490606D5617B012903D127
:10385000816B41F48031816305F0D0FD206805F073
:103860002BF9002084F8940410BD000010B5044624
:10387000D0F8E00404F04EFC2068D0F8001E41F0BF
:103880000101C0F8001EE07A002808BF10BD4EF606
:103890001050CEF20000016841F00601016010BD39
:1038A000002804BF012070472DE9F04143F60808C5
:1038B000C4F202080446D8F8F8030D4600F00700E9
:1038C000814207D988F8F853D8F8F80300F00700C8
:1038D000A84277D12068810717D5410705D5D8F8C8
:1038E000001041F4E051C8F80010010705D5D8F8E0
:1038F000001041F46041C8F80010D8F80010A26828
:1039000021F0F0011143C8F80010C00740D1D8F8E9
:10391000F80300F00700854207D288F8F853D8F87A
:10392000F80300F00700A8424CD12068410707D5F2
:10393000D8F80010E26821F4E0511143C8F80010F3
:10394000000708D5D8F80000216920F4604040EA5B
:10395000C100C8F8000000F0A3F8D8F800104DF638
:10396000F012C1F30311C0F60002515C40F28C0268
:1039700020FA01F140F20400C2F200000068C2F235
:1039800000021160FEF7AEFE0020BDE8F08100BF2E
:103990006068811E022907D258F8081C89015CBFA3
:1039A0000120BDE8F08111E0012807D158F8081C7A
:1039B00089035CBF0120BDE8F08107E058F8081CCE
:1039C000890703D40120BDE8F08100BFD8F80010BA
:1039D00021F003010843C8F80000FEF76DFB06461E
:1039E00041F28837D8F80000616800F00C00B0EBB5
:1039F000810F8CD0FEF760FB801BB842F2D9032008
:103A0000BDE8F0810F22026043F60802C4F2020210
:103A1000136803F003034360136803F0F00383604B
:103A2000136803F4E053C360D2F800C04FF4E053CE
:103A300003EADC030361D2F8F80300F00700086032
:103A40007047000040F28C00C2F20000006870472E
:103A500040F28C0043F60801C2F20000C4F20201F9
:103A6000006809684DF60022C1F38221C0F6000209
:103A7000515CC8407047000040F28C0043F60801DA
:103A8000C2F20000C4F20201006809684DF600228B
:103A9000C1F34231C0F60002515CC84070470000DB
:103AA00010B543F60404C4F202046168C1F3810155
:103AB00042F20040C0F2F400DFE801F002040A0222
:103AC00010BD00BF47F64000C0F27D1010BD00BF22
:103AD000206821682368490247F64001C0F27D1141
:103AE00000F03F02C3F388105CBF42F20041C0F215
:103AF000F401A1FB00010023FCF7F8FB216802227E
:103B0000C1F3014102EB4101B0FBF1F010BD000037
:103B1000002804BF012070472DE9F04182B004461F
:103B2000007843F60006C007C4F202060CD0B06865
:103B300000F00C00042840F081803068800303D539
:103B40006068002800F06881207880071BD5B06885
:103B500010F00C0F09D0B06800F00C00082840F0FD
:103B600087807068400200F183803068800703D549
:103B7000E068012840F050813068216920F0F800A9
:103B800040EAC10030602078000713D42078400755
:103B90002AD4A569002D00F03A81B06800F00C002D
:103BA000082840F0A580012D40F00E81012002B0D0
:103BB000BDE8F0816069002800F082800020C4F236
:103BC00047200121C0F8801EFEF776FA054600BFA7
:103BD000706F8007DAD4FEF76FFA401B0228F7D91E
:103BE000032002B0BDE8F081306C5FEAC0080AD45F
:103BF00000200190306C40F080503064306C00F058
:103C000080500190019847F20007C4F2000738681D
:103C1000C00547D4386840F480703860FEF74CFA2D
:103C2000054600BF3868C0053CD4FEF745FA401B86
:103C30000228F7D9032002B0BDE8F081B06800F097
:103C40000C00082803D1706840023FF576AF616828
:103C50003068B1F5803F07D0B1F5A02F40F09A80D1
:103C600040F480203060306840F4803030609AE06A
:103C7000E068002840F20000C4F247205CD0012137
:103C80000160FEF719FA0546306880073FF574AF0A
:103C9000FEF712FA401B0228F6D9032002B0BDE855
:103CA000F08100BFA168306F012905D0052955D1E9
:103CB00040F004003067306F40F00100306756E09C
:103CC0000020C4F247200021C0F8801EFEF7F4F95E
:103CD000054600BF706F80077FF558AFFEF7ECF91F
:103CE000401B0228F6D9032002B0BDE8F08100BFD6
:103CF0000027C4F2472700203866FEF7DDF9022DC1
:103D000005460DD13068800140F18A80FEF7D4F974
:103D1000401B02284FF00300F4D902B0BDE8F08147
:103D20003068800173D5FEF7C7F9401B02284FF0B9
:103D30000300F5D9F1E700BF00210160FEF7BCF9EF
:103D4000054600BF306880077FF51DAFFEF7B4F968
:103D5000401B02284FF00300F4D9DEE720F00100F9
:103D60003067306F002920F0040030677AD0FEF70A
:103D7000A3F9054641F28837306F800700F184804F
:103D8000FEF79AF9401BB842F6D9032002B0BDE80D
:103D9000F08100BF20F4803030603068002920F4CA
:103DA000802030607AD0FEF787F9054630688003BE
:103DB0003FF5CAAEFEF780F9401B6428F6D9032010
:103DC00002B0BDE8F08100BF7068E16900F48002D4
:103DD0008A4221D1216A00F03F028A421CD147F673
:103DE000C071626A0140B1EB821F15D1A16A4FF622
:103DF000FF73C903994300F44032A1F580318A4230
:103E00000AD1E16A00F07060B0EB016F04D10020CC
:103E100002B0BDE8F08100BF012002B0BDE8F08132
:103E200004F11C052FCD084340EA8210D9034FF658
:103E3000FF729143A1F5803140EA0560084370604C
:103E400001203866FEF738F9044600BF306880016B
:103E5000DDD4FEF731F9001B02284FF00300F5D93D
:103E60005BE700BFFEF728F9054641F2883700BF3F
:103E7000306F800708D5FEF71FF9401BB8424FF09E
:103E80000300F5D949E700BFB8F1000F3FF581AE57
:103E9000306C20F0805030647BE600BFFEF70CF9F8
:103EA000054600BF306880037FF54EAEFEF704F98B
:103EB000401B64284FF00300F4D92EE770B528B1F9
:103EC000416A29B100210161142106E0012070BD81
:103ED0004168B1F5827F02D01C21002242500026A9
:103EE000866290F8511029B980F85060054600F0BC
:103EF0003DF82846022180F8511090E82E0002F487
:103F000082720C6803F4044324F040040C601A44E9
:103F100005F4006305691A4405F0020345691A4473
:103F200005F001038569C4691A4405F400731A4455
:103F300004F03803046A1A4404F08003846A1A43C4
:103F400004F400531A430A60436A042202EA154249
:103F500003F010031A444A60CA6922F40062CA617D
:103F60000121466580F85110304670BD2DE9F04FB3
:103F700087B0044643F200070068C4F20107002638
:103F8000B8420696CDE904660396029602D007B0C1
:103F9000BDE8F08F43F630000196C4F2020041699B
:103FA00002AD41F480514161416946F2404801F45B
:103FB000805101910199019601684FF0020941F089
:103FC0000201016001684FF0030A01F00201019152
:103FD0000199019601684FF0050B41F00101016064
:103FE0000068294600F00100019001981820029015
:103FF00007F55440C4F20208CDE90396CDF814A0A9
:10400000CDF818B0FDF782FF8020CDE9020904A8A1
:1040100080E8400C07F550402946FDF777FF41F650
:10402000B435C2F200054FF0C0674FF480692846EE
:10403000C5E90087C5E90266C5E90496C5E90666D3
:10404000C5E90866FDF716FE002818BFFDF7D8FA87
:10405000E564AC6341F6144508F11800C2F20005AE
:104060004021C5E9000705F10800002280E80602AA
:104070002846C5E90522C5E907226A62FDF7FAFD6F
:10408000002818BFFDF7BCFAA564AC6307B0BDE813
:10409000F08F00002DE9F04383B01E4615460F4611
:1040A0000446FEF709F894F851108146012909D118
:1040B000002F4FF0010018BF002D0FD103B0BDE855
:1040C000F08300BF6068B0F5827F0DD104294FF006
:1040D0000200F3D1A1680029EAD0EFE7002EEDD06D
:1040E00094F85000012803D1022003B0BDE8F0830A
:1040F000012084F8500094F85100002104281CBFCE
:10410000052084F851006165A563E687A6872763CB
:10411000E6862068A686216461640168490603D4A6
:10412000016841F0400101606168731EE268B1FA04
:1041300081F1B3FA83F3DDF8288049095B09B2F510
:10414000006F41EA030165D131B137F8021BC1604C
:104150002763E08E0138E086012518F1010032D195
:1041600002E000BFFDF7A8FFE08E18B9E08F00283D
:1041700000F0B8802068816889070CD5E18E51B1C4
:10418000012D08D1216B002531F8022BC26021637B
:10419000E18E0139E1868168C907E3D0E18F00290A
:1041A000E0D0C068A16B012521F8020BA163E08F6C
:1041B0000138E087D6E700BFFDF77EFFA0EB0900DE
:1041C000404580F0A580E08E18B9E08F002800F00F
:1041D00089802068816889070CD5E18E51B1012D55
:1041E00008D1216B002531F8022BC2602163E18EDA
:1041F0000139E1868168C907DED0E18F0029DBD073
:10420000C068A16B012521F8020BA163E08F013882
:10421000E087D1E739B139780173206B0130206331
:10422000E08E0138E086012518F1010032D101E06D
:10423000FDF742FFE08E10B9E08F002852D02068D1
:10424000816889070ED5E18E61B1012D0AD1216BFC
:10425000002509780173216B206801312163E18E0B
:104260000139E1868168C907E2D0E18F0029DFD0FA
:10427000C068A16B01250870A06B0130A063E08FBE
:104280000138E087D4E700BFFDF716FFA0EB090077
:1042900040453DD2E08E08B9E08F18B320688168B0
:1042A00089070ED5E18E61B1012D0AD1216B002560
:1042B00009780173216B206801312163E18E013996
:1042C000E1868168C907DFD0E18F0029DCD0C068B2
:1042D000A16B01250870A06B0130A063E08F01384D
:1042E000E087D1E72046022101224346CDF8009025
:1042F00002F056FEB0B1606D40F0200060652020F5
:104300006065002084F85000012003B0BDE8F08310
:10431000012084F85100002084F85000032003B0ED
:10432000BDE8F08340F28C00C2F20000006849F65C
:104330008171C1F25E61A0FB0101480D4FF47A71F9
:10434000484302906068B0F5827F0BD120468021FF
:1043500000224346CDF8009002F022FE0028CAD188
:1043600021E000BF0298F0B1029801380290206865
:104370008168090617D50299A9B1029901390291FC
:10438000816809060FD5029969B102990139029134
:104390008168090607D5029929B10299013902916C
:1043A00080680006DED4A06838B90020019020683B
:1043B000C1680191806801900198012084F8510042
:1043C000002084F85000606D002818BF012003B061
:1043D000BDE8F0837047000070470000002804BF6C
:1043E0000120704710B5044690F83D0028B9002020
:1043F00084F83C00204600F01FF8022084F83D00BD
:104400002068211D02F0F8FE012084F8460084F89F
:104410003E0084F83F0084F8400084F8410084F8AE
:10442000420084F8430084F8440084F8450084F88E
:104430003D00002010BD0000006844F20041C4F2BD
:104440000101884218BF704781B00020009043F6F8
:104450004400C4F20200016841F4003101600068C8
:1044600000F400300090009801B0704790F83D10C3
:1044700001291CBF01207047022180F83D1000680F
:1044800041F2FF72C168C4F20002904241F00101A2
:10449000C1600DDC40F2FF71C4F20001884215DCFE
:1044A000B0F1804F2AD040F20041C4F2000123E075
:1044B00040F2FF31C4F20101884213DC41F60001F1
:1044C000C4F20001884219D0002113E040F6000137
:1044D000C4F20001884211D040F60041C4F200014C
:1044E0000AE000BF44F20001C4F20101884205D095
:1044F00040F20041C4F20101884206D1816801F016
:104500000701062904BF00207047016841F001013E
:1045100001600020704700007047000070B504463D
:104520000068C5680669B10716D515F0020113D0F9
:104530006FF002010161012121778069800703D0BA
:104540002046FFF7E9FF05E0204600F08FF82046FF
:1045500000F0CEF900202077700719D515F004007F
:1045600016D020686FF00401016102212177806973
:1045700010F4407F04D02046FFF7CEFF06E000BFD6
:10458000204600F073F8204600F0B2F900202077B2
:10459000300717D515F0080014D020686FF0080117
:1045A000016104212177C069800703D02046FFF70D
:1045B000B3FF05E0204600F059F8204600F098F9D6
:1045C00000202077F00619D515F0100016D02068CD
:1045D0006FF01001016108212177C06910F4407F5C
:1045E00004D02046FFF798FF06E000BF204600F009
:1045F0003DF8204600F07CF900202077F00718BF36
:1046000015F0010002D1300609D412E020686FF0E5
:1046100001010161204600F0F5F9300609D515F0D9
:10462000800006D020686FF0800101612046FFF70E
:10463000D1FE700609D515F0400006D020686FF055
:1046400040010161204600F0E7F9B00658BF70BD97
:1046500015F0200008D021686FF0200220460A6182
:10466000BDE87040FFF7B8BE70BD000070470000A5
:1046700090F83C30012B04BF022070474FEAB20291
:10468000032A00F2FF802DE9F043DFE802F003B1D6
:104690003F7F00BF036840F200461C6A1A6A24F09C
:1046A000020422F001021A621A46D3F804C052F83A
:1046B00018EF8F6843F48065C4F20106B54244EAFE
:1046C000070405D1CF6824F00C0427F004073C430D
:1046D0000F68B54206D1D1E905582CF440762E4337
:1046E00046EA080C2EF073063743C3F804C09F61F6
:1046F0004F6809695F631C629F6947F008079F6103
:104700009F6927F004079F61B1E000BF036840F292
:1047100000481C6A1A6A24F4007422F480721A6237
:104720001A46D3F804C052F81CEF8F6843F4806532
:10473000C4F20108454544EA072408D1CF6840F295
:10474000FF463F0224F4406427EA06063443D1F8CA
:104750000090454506D1D1E905562CF440572E432B
:1047600047EA061C2EF0730747EA0907C3F804C09E
:10477000DF614F680969DF631C62DF6947F0080782
:10478000DF61DF6927F00407DF6170E0036840F252
:104790000045D3F820C01A6A43F4806722F480529F
:1047A0001A621A465C6852F81C8FD1F800E08E68D5
:1047B000C4F20105AF4204D14D6924F4804444EAB7
:1047C00085142CF4005747EA063728F4E64646EAF3
:1047D0000E265C60DE614E6809691E641F62DF6937
:1047E00047F40067DF61DF6927F48067DF613DE040
:1047F000036840F200481C6A1A6A24F0200422F080
:1048000010021A621A46D3F804C052F818EF8F68E3
:1048100043F48065C4F20108454544EA071407D112
:10482000CF686FF0400624F0C00406EA0716344350
:10483000D1F80090454506D1D1E905562CF44067E2
:104840002E4347EA860C2EF4E64747EA0927C3F8C9
:1048500004C09F614F6809699F631C629F6947F4A8
:1048600000679F619F6927F480679F610902136851
:10487000194311600021BDE8F043002280F83C207C
:10488000084670470121002280F83C200846704706
:10489000002804BF0120704710B5044690F83D0081
:1048A00028B9002084F83C00204600F01FF80220C0
:1048B00084F83D002068211D02F09EFC012084F850
:1048C000460084F83E0084F83F0084F8400084F8F5
:1048D000410084F8420084F8430084F8440084F8DE
:1048E000450084F83D00002010BD00007047000026
:1048F00070470000C1B1042908D0082914BF412223
:104900004022825C012A05D016E000BF3F22825C73
:10491000012A11D10222082910D0042914BF80F8DD
:10492000412080F83F200BE090F83E20012A03D17F
:10493000022280F83E2003E00120704780F84020EA
:10494000006801F01F010122036A02FA01F123EA63
:1049500001020262026A114341F2FF72C4F20002D4
:10496000904201620CDC40F2FF71C4F20001884207
:1049700014DCB0F1804F37D040F2004116E000BFA8
:1049800040F2FF31C4F20101884215DC41F600011A
:10499000C4F20001884227D0002115E040F6000152
:1049A000C4F2000188421FD040F60041C4F2000169
:1049B000884219D01FE000BF44F20001C4F2010197
:1049C000884211D040F20041C4F20101884212D164
:1049D000416C40F2004340F48062C4F2010341F4B0
:1049E00000419A42416406D1816801F0070106291D
:1049F00004BF00207047016841F001010160002000
:104A000070470000006840F20041C4F20101884292
:104A100018BF7047FDF73CBE70470000FEE700007E
:104A20002DE9F04782B0044600689A460B9D0A9E25
:104A30000368914643F48062026002680F4642F4C4
:104A40008071016020464FF001110022334600952D
:104A500000F032F950B120680068C00544BF4FF43F
:104A600000702064032002B0BDE8F08740F2020825
:104A70002068C0F2010807F0FE07076120464146A2
:104A800032462B4600F0FEF920B1012002B0BDE80D
:104A9000F08700BF0020019020682A4641690191FB
:104AA0008069314601900198204600F09FFAB0B924
:104AB0002068BAF1010F09D04FEA1921016120469F
:104AC00031462A4600F092FA48B920685FFA89F127
:104AD0000161204631462A4600F088FA60B1206C18
:104AE0000428D2D12068016841F4007101600120DE
:104AF00002B0BDE8F08700BF20680022016833469D
:104B000041F48071016020464FF00111009500F0E2
:104B1000D3F800289FD147F0010C27682046414672
:104B200032462B46C7F810C002B0BDE8F04700F08F
:104B3000A9B900002DE9F04383B0044600680F4690
:104B400001680A9D0B9E41F4807199469046016070
:104B500020464FF0011100222B46009600F0ACF8E1
:104B600050B120680068C00544BF4FF40070206455
:104B7000032003B0BDE8F083206807F0FE01016167
:104B80000221C0F2010120462A46334600F07AF99C
:104B900020B1012003B0BDE8F08300BF00200290E7
:104BA0002068324641690291806929460290029844
:104BB000204600F01BFA58B1206C0428E9D1206887
:104BC000016841F400710160012003B0BDE8F08389
:104BD0002068B9F1010F0AD04FEA1821016120467F
:104BE0002946324600F002FA0028E5D120685FFA33
:104BF00088F10161002003B0BDE8F08370B503685F
:104C0000044653F8140F400711D40E46481C29D00F
:104C100086BB00BF1868400527D4FDF74DFA23680E
:104C200053F8140F400737D518684007F2D5002015
:104C300070BD00BF18684007F9D41868400514D447
:104C400018684007F3D4186840050ED41868400768
:104C5000EDD41868400508D4186840074FF00000EC
:104C600048BF70BD18684005E4D56FF480601860D7
:104C7000042012E0154603E053F8140F4007D6D481
:104C800018684005F1D4FDF717FA401B2368B042BD
:104C9000F2D958694007EFD4202000212022216357
:104CA00084F83D2084F83E10226C104320640120DB
:104CB00084F83C1070BD00002DE9F0410546006805
:104CC0001E46144601F47F0201338FB242D0DDF854
:104CD0001880B2F5803F40F0878040693840C01BA3
:104CE000B0FA80F04009844240F0C8804EB924E018
:104CF00040693840C01BB0FA80F04009844240F05F
:104D0000BD80FDF7D9F9A0EB08012868B142EFD9C1
:104D100041693940C91BB1FA81F149098C42E7D197
:104D20009BE000BF40693840C01BB0FA80F04009EA
:104D300084424FF0000040F0A280FDF7BDF92868E2
:104D400041693940C91BB1FA81F149098C42E9D165
:104D500083E000BFB2F5803F24D100BF41693940F4
:104D6000C91BB1FA81F149098C4240F08780416941
:104D70003940C91BB1FA81F149098C4240F07E806B
:104D800041693940C91BB1FA81F149098C4275D199
:104D900041693940C91BB1FA81F149098C42DDD022
:104DA0006CE000BF81693940C91BB1FA81F1490942
:104DB0008C4263D181693940C91BB1FA81F149093B
:104DC0008C425BD181693940C91BB1FA81F1490933
:104DD0008C4253D181693940C91BB1FA81F149092B
:104DE0008C42DFD04AE000BF80693840C01BB0FA77
:104DF00080F04009844241D146B923E080693840BF
:104E0000C01BB0FA80F04009844237D1FDF754F955
:104E1000A0EB08012868B142F0D981693940C91B6B
:104E2000B1FA81F149098C42E8D116E08069384035
:104E3000C01BB0FA80F0400984424FF0000018BF58
:104E4000BDE8F081FDF738F9286881693940C91B50
:104E5000B1FA81F149098C42E8D100202021286370
:104E600085F83D1085F83E00296C41F02001296449
:104E700085F83C000120BDE8F08100BF0020BDE8BE
:104E8000F0810000F0B581B0044600681D4643691A
:104E90008FB203EA0701B94202D1002001B0F0BD90
:104EA0004169164601323CD0490512D47EB300BF99
:104EB000FDF702F9411B2068B14203D9416939402D
:104EC000B9422BD141693940B942E6D0416949051F
:104ED000EED5016841F4007101606FF480614161B9
:104EE000042000212022216384F83D2084F83E1014
:104EF000226C1043206484F83C10012001B0F0BD06
:104F000041693940B942C8D041694905E1D4FDF74A
:104F1000D3F8206841693940B942F1D02020E0E758
:104F200041694905D5D441693940B942B5D0416993
:104F30004905CED441693940B942AED041694905ED
:104F4000C7D441693940B942A7D041694905C0D4A5
:104F500041693940B942E3D19FE7000070B504468A
:104F60000068154650F8143F5A063DD40E4629B93C
:104F700026E000BF50F8141F490635D40168C90661
:104F800021D4FDF799F8411B2068B142F2D941695B
:104F90004906EFD400202021206384F83D1084F8D6
:104FA0003E00206C40F0200018E000BFFDF784F8C0
:104FB000206850F8141F4906ECD50168490613D43F
:104FC0000168C906F2D56FF01001016000202021B0
:104FD000206384F83D1084F83E00206C206400209B
:104FE00084F83C00012070BD002070BD70B50368DE
:104FF000044653F8140F000611D40E46481C29D05D
:1050000086BB00BF1868400527D4FDF755F8236814
:1050100053F8140F000637D518680006F2D50020A3
:1050200070BD00BF18680006F9D41868400514D494
:1050300018680006F3D4186840050ED418680006F6
:10504000EDD41868400508D4186800064FF0000039
:1050500048BF70BD18684005E4D56FF480601860E3
:10506000042012E0154603E053F8140F0006D6D4CE
:1050700018684005F1D4FDF71FF8401B2368B042C3
:10508000F2D958690006EFD42020002120222163A4
:1050900084F83D2084F83E10226C104320640120E7
:1050A00084F83C1070BD00008CB0072005F046FD70
:1050B000FBF7CCFE58B100BF642005F03FFDFBF7C5
:1050C000C5FE0028F8D102E0642005F037FD05F0A8
:1050D0007DFC0028F8D140F2A439C2F2000909F1A0
:1050E000140609F1040709F11005304639462A462D
:1050F000FBF7C4FE05F082FA9FED468A9FED460A53
:10510000DFED460ADFED461A9FED462A09F1480019
:10511000B0EE481A069001F0A3F840F2483AC2F205
:10512000000A4FF07E500021CAE90F010020CAE9B1
:10513000111105F03FFD06F0BBFC40F2D02BC2F28E
:10514000000BCBF8100042F2AC10C2F200001021AC
:10515000C161FEF7B3FE08B1FCF752FA002440F635
:10516000B738B0EE489AB0EE48AA00BF304639468C
:105170002A46FBF783FE99ED050A99ED061A99ED8B
:10518000072A01203AEE00AA39EE019A38EE028A87
:1051900005F0D4FC444504F10104E7D39FED220A55
:1051A000CDE908578AEE001A89EE002A88EE000A37
:1051B00040F20805C2F20005281D0BF13401082257
:1051C0000A9689ED0E1A89ED0F2A89ED100A01F071
:1051D0004DFE012040F260189FED14BA9FED14CAF5
:1051E0009FED14DA9FED14FADFED148A40F22444A7
:1051F0009FED138A8BF80400C2F200080AF13C0705
:10520000FFEE00FAC2F200040BF116000026079030
:105210009AE100BF000000000000C844CDCC4C3E25
:1052200000A08C450080894500803B455D896EBFAC
:105230005AF8F63FD5A9183B00003443DA0F49402D
:105240000000344241F2873005F05EFBD9ED054A9B
:10525000D9ED065A95ED060A95ED076A99ED071AFC
:10526000D5ED080A25EE866A24EE800AD9ED011AEA
:10527000D9ED022AD5ED0F3A30EE060A21EE206A6A
:10528000D5ED100A99ED037A36EE000A22EEA06AF7
:1052900061EEA30AD5ED113A9AED093A30EE866A2D
:1052A00067EE230A30EE866A9AED144A9AED155A93
:1052B00033EE066A98ED003AD8ED010A9AED162A07
:1052C000D8ED023A65EE200A24EE033A33EE203A96
:1052D00062EE230ADAED0C3A30EE833A33EE833A8B
:1052E000D5ED0A0AD5ED093AD5ED0B6A65EEA00AAF
:1052F00064EEA33A73EEA00A61EE263A73EEA00ABA
:10530000D5ED133AD5ED126AD5ED147A62EEA33AD3
:1053100061EEA66A76EEA33A67EE276ADAED0A7ABC
:1053200076EEA33A77EEA36AD8ED043AD8ED037A85
:1053300098ED059A65EE233A64EE277A77EEA33A64
:1053400062EE097A9AED0D9A77EEA33AD5ED0D7AD1
:1053500079EE233A95ED0C9A65EEA75AD5ED0E7AC3
:1053600064EE894A74EEA54A21EE271A31EE241A1A
:10537000D5ED164AD5ED155A62EEA42AD5ED174A99
:1053800061EEA51A71EEA21A27EE247ADAED0B2A45
:1053900037EE217A32EE877AD8ED071AD8ED062A51
:1053A00025EE215A24EE224A34EE054A98ED085A99
:1053B0008BED156A22EE052A9AED0E5A32EE042A7A
:1053C00035EE024A9BED092A9BED065A8BED062A23
:1053D00025EE0B5A22EE0C2A32EE052A26EE0D5A45
:1053E00075EE021A9BED0A2A9BED075A8BED072AF0
:1053F00025EE0B5A22EE0C2A32EE052A26EE8D5AA5
:1054000035EE022A9BED0B5A9BED086A0BF1480022
:105410008BED085A26EE0B6A25EE0C5A80EC030A37
:105420000BF1600035EE065A27EE0D6A80EC033A68
:105430000BF1240076EE052AC0EC031A3846CBEDBA
:10544000166A8BED177A00F08BFBDAED0FAADAED16
:1054500010BADAED11CADAED12DA2BEEAC0A2AEE46
:10546000AD1A31EE000A2BEEAB1A6AEEAAEA3EEE56
:10547000811A31EE011A30EE000A71EE2F0A08F09F
:105480003FF8B0EE409A8BED1B0A2AEEAC0A2BEEE9
:10549000AD1A30EE410A30EE000A07F09BFFB0EE85
:1054A00040AA8BED1C0A2DEEAC0A2AEEAB1A31EEA7
:1054B000000A2DEEAD1A3EEE811A31EE011A30EEE1
:1054C000000A71EE2F0A08F01BF829EE0F1A81EE80
:1054D000281A2AEE0F2A20EE0F3A82EE282A83EEAF
:1054E000283A8BED1D0A31EE0F0A10EE100A8AEDF4
:1054F000000A32EE0F9A33EE0FAA8AED019A8AED76
:1055000002AA08F0ABF941EC1E0B19EE100A08F0E4
:10551000A5F941EC190B1AEE100A08F09FF941ECBD
:10552000100B204640215BA28DED00EB8DED029B20
:105530008DED040BFAF752FF81B22046FBF7DAFD3E
:105540000BA8012106F006F807F050FA0B9000BFF7
:1055500001204FF0FF3105F005FE0128F8D19BF83E
:1055600006009BF80610012222EA0000064441B919
:10557000B0B2B0F5FA7F82BF01208BF806004FF47D
:105580002F769BF8000040070AD49BF801004007E3
:105590002CD49BF8020040077FF558AE38E000BFDE
:1055A0009BF8000000F0FB01584600F8351B0A99F3
:1055B000FBF724FC99ED050A99ED061A99ED072AE7
:1055C00099ED0E3A99ED0F4A99ED105A30EE430AD3
:1055D00031EE441A32EE452A89ED050A89ED061AA4
:1055E00089ED072A9BF801004007D2D59BF80100FE
:1055F00009F1200200F0FB008BF8010009990BF182
:105600003E00FBF7B9FB9BF8020040077FF51EAE9A
:105610009BF8020000F0FB008BF80200DDE90701B7
:10562000FBF712FD9BF8090099ED040A012815D13A
:105630000698F0EE480A00F0B3FD99ED1E0AB5EEAB
:10564000400AF1EE10FA04DA9FED110A0020C9F8C1
:105650007800BDEEC00A10EE100AF5E5B4EE480A77
:10566000F1EE10FA7FF7EEAD9BF808000130C1B201
:10567000C9298BF80800FFF4E5AD01208BF809007B
:1056800044F20000C4F21C50C9F87000DAE500BF13
:1056900000000000252E33662C252E33662C252E87
:1056A00033660D0A0000000080B541F6643046F212
:1056B0000041C2F20000C4F200010023102280E881
:1056C0000E00C0E90333C0E905338383FCF7CEF84D
:1056D000002808BF80BDBDE88040FBF791BF0000F7
:1056E00080B541F68C3046F60001C2F20000C4F2EB
:1056F00000010023102280E80E00C0E90333C0E956
:1057000005338383FCF7B2F8002808BF80BDBDE8ED
:105710008040FBF775BF000080B582B0002001908B
:1057200043F63000C4F202000168002241F4800117
:1057300001600068052100F48000019001983A2082
:10574000FDF75AF83A20FDF745F83B2005210022E5
:10575000FDF752F83B2002B0BDE88040FDF73AB8B3
:1057600070B58EB0134808AC079012A000F1040E7B
:105770009EE80E50806984E80E500D9007A8002125
:1057800005F0EAF940F2F016C2F200061049306066
:105790000FA0051D00913ECD80690DF1040C8CE831
:1057A0003E0006906846002105F0D6F970600EB004
:1057B00070BD00BF2EDA0008F57000080000000080
:1057C0000000000080000000000000000000000059
:1057D0003ADA0008A95000080300000000000000A9
:1057E0000002000000000000000000002DE9F04F62
:1057F00087B0002743F630000697CDE90477CDE95E
:1058000002770197C4F20200016841F6000441F0FA
:10581000020101600168C4F2020401F00201019179
:10582000019901970168012241F0010101600168BD
:105830004FF0400A01F001010191019901970168BF
:10584000012541F008010160016801F008010191A2
:1058500001990197016841F004010160016801F0BC
:105860000401019101990197016841F080010160F3
:10587000016801F08001019101990197016841F0EF
:1058800020010160016801F0200101910199019757
:10589000016841F0400101600068402100F04000D3
:1058A000019001982046FCF701FCA4F5C056304653
:1058B00010210122FCF7FAFBA4F5A0584046012173
:1058C0000122FCF7F3FB4FF4881BCDE903B702AFCD
:1058D0004FF00209A4F580603946CDF80890FCF736
:1058E00015FB20463946CDE902A5CDE90455FCF764
:1058F0000DFB0920CDE9020B204639460495FCF743
:1059000005FB1020CDE9020530463946CDE90459A2
:10591000FCF7FCFA3020CDE9020BA4F580503946A3
:105920000495FCF7F3FA40463946CDE90255CDE936
:105930000459FCF7EBFA062005210022FCF75CFF76
:105940000620FCF747FF072005210022FCF754FF43
:105950000720FCF73FFF092005210022FCF74CFF40
:105960000920FCF737FF0A2005210022FCF744FF3D
:105970000A20FCF72FFF172005210022FCF73CFF2F
:105980001720FCF727FF07B0BDE8F08F80B541F680
:10599000744045F60041C2F20000C4F2000141F635
:1059A000802200234FF4804CC0F2060280E80E00F3
:1059B000C0E9033CC0E90533C0E90733FCF782FBCB
:1059C000002808BF80BDBDE88040FBF719BE00007D
:1059D000B0B542F2AC1043F20001C2F20000C4F2D2
:1059E00001014FF48272002380E80E0000F10C01E7
:1059F0004FF0020C4FF0010E4FF40074382581E88F
:105A000008500A21C0E90645C0E90833C0E90A3157
:105A1000FEF754FA002808BFB0BDBDE8B040FBF760
:105A2000EFBD000070B58EB044F2004542F2042094
:105A3000C4F201050021C2F20000A72241F287331F
:105A4000CDE90611CDE90411C0E90052C0E9021305
:105A500001618161FEF7C2FC002818BFFBF7D0FD91
:105A600042F20420C2F20000FEF712FF002818BF25
:105A7000FBF7C6FD42F204246020C2F2000401904C
:105A8000002601A920460022CDE902660596FEF710
:105A9000EFFD002818BFFBF7B3FD20680D96A84264
:105AA000CDE90B660A96099602D00EB070BD00BF14
:105AB000002043F630010890C4F202010A6842F067
:105AC00020020A60096801F020010891089940212C
:105AD00009910221CDE90A100C9003200D9005F5E3
:105AE000504009A9FCF712FA0EB070BD80B541F61E
:105AF000880040F27001C2F20000C2F200010022F0
:105B000002F0C2F8002818BFFBF77AFD41F68800C2
:105B100040F29001C2F20000C2F2000102F026FB46
:105B2000002818BFFBF76CFD41F6880040F22C11ED
:105B3000C2F20000C2F2000101F0A8FD002818BF67
:105B4000FBF75EFD41F68800C2F2000002F038FB70
:105B5000002808BF80BDBDE88040FBF751BD0000B4
:105B6000B5EE403AF1EE10FA0CD1F5EE403AF1EE16
:105B700010FA07D1B5EE404AF1EE10FA02D100F06A
:105B8000CDB900BF2DED108BF5EE401A45F6DF11B3
:105B9000F1EE10FAC5F6377110D1B5EE402AF1EEEC
:105BA00010FA0BD1F5EE402AF1EE10FA06D190ED85
:105BB000015A90ED024A90ED033A3BE122EE025A7F
:105BC00021EEA16A36EE055A22EEA26A36EE055A99
:105BD00015EE102AFEEE004AA1EB520225EE246AD1
:105BE00005EE102A26EE056A26EE056AB7EE087A5B
:105BF00036EE076A66EE055A23EEA35A23EE036AD1
:105C000036EE055A24EE046A36EE055A15EE102AD1
:105C1000A1EB520225EE246A05EE102A26EE056A53
:105C200026EE056A36EE076A26EE055A23EE857AD9
:105C300064EE053A90ED024A23EE056A90ED033AD0
:105C400064EE046AB6EE008A63EE037A38EE665AB2
:105C500035EE679A90ED00AA90ED015A2AEE03BA4C
:105C600025EE04CA3CEE4BDA27EE0DEA26EE09FAE1
:105C70003CEE0BBA25EE05CA3FEE0EEA2AEE04FA18
:105C800065EE038A38EE4C8A7FEE289A38EE67CAB2
:105C900063EEA9AA27EE0CCA26EE0BBA3AEE8EEAFC
:105CA0003BEE0CBA2AEE05CA64EE03AA7AEECCBA31
:105CB00063EEABBA3BEE8BBA3EEE0EEA3BEE0BBAAE
:105CC0002BEE0BBA2EEE0EEA3EEE0BBA62EE25BAC2
:105CD000B1EECB2A21EEA5EA62EEA51A78EECF2A24
:105CE0007CEE2A5A27EE25BA26EE22CA78EE666A9C
:105CF0003CEE0BBA23EEA68A2AEE0AAA38EE0B8AED
:105D00007AEE244A74EEA74A78EE087A22EE098ADF
:105D100022EEA79A38EE098A22EE0D9A25EEA7AA5E
:105D200066EEA76A22EE292A39EE0A9A72EE266AF0
:105D300021EEA52A6BEEA47A6EEE244A61EEA21A39
:105D400037EEC22A63EE897A71EEE41A66EE264ACD
:105D500063EE883A73EEE43A40F2982273EEA11AA9
:105D60006BEEA22A6EEE253AC2F2000273EEE22A30
:105D7000D2ED003A27EE26AA27EE087A26EE096A27
:105D80007AEE677A36EE476AF5EE403A37EE822AC7
:105D9000F1EE10FA36EE226A32DD92ED007ADFED96
:105DA0005D2A22EE077AD2ED013A27EE227A37EE0B
:105DB000237A82ED017A92ED007AD2ED023A21EE59
:105DC000877A27EE227A37EE237A82ED027A92EDF5
:105DD000007AD2ED033A26EE077A27EE227A37EEE2
:105DE000237A82ED037A92ED017A30EE070A92ED82
:105DF000027AD2ED032A70EE870A31EE221A03E00E
:105E0000002353609360D36040F28412C2F2000218
:105E100092ED007A27EE022A92ED007A32EE000A25
:105E200027EE212A92ED007A72EE200A27EE062A4A
:105E300032EE011A9FED382A20EE020A20EE826A25
:105E400021EE021A90ED002A24EE067A65EE400A51
:105E500030EEC77A63EE010A37EE607A61EE040A2B
:105E600062EE001A71EEA00A63EE061A70EEE10A05
:105E700065EE011A62EE062A75EE200A72EEE11A4C
:105E800063EE002A26EE055A22EE011A32EE077A58
:105E900072EEA11A31EE051A24EE000A74EE211AF0
:105EA00031EE400A20EEA01A27EE072A33EE000A50
:105EB00032EE011A21EEA12A32EE011A20EE002A5A
:105EC00032EE011A11EE102ABEEE002AA1EB5201A9
:105ED00021EE022A01EE101A22EE012A22EE012AF8
:105EE000B7EE083A32EE032A22EE011A27EE012A13
:105EF00020EE813A21EE814A20EE010A80ED002A4F
:105F000080ED013A80ED024A80ED030ABDEC108B72
:105F1000704700BF6F12833A6F12033AF5EE401AD2
:105F200045F6DF11F1EE10FAC5F6377110D1B5EE76
:105F3000402AF1EE10FA0BD1F5EE402AF1EE10FAFC
:105F400006D190ED013A90ED024A90ED032AA9E0C6
:105F500022EE023A21EEA14A34EE033A22EEA24AA0
:105F600034EE033A13EE102ABEEE005AA1EB5202B1
:105F700023EE054A03EE102A24EE034A24EE034AD8
:105F8000B7EE086A34EE064A24EE033A21EE837A2D
:105F900062EE031A62EE832A90ED006A90ED013AF8
:105FA00090ED024A90ED032A66EE043A63EE024A4F
:105FB00066EE035A26EE066A74EEE33A62EE044A8F
:105FC00036EE055A22EE026A75EEA44A36EE055AFE
:105FD00040F2982222EEA46A61EE855A27EE055A15
:105FE00062EEA32AC2F2000232EEC55AD2ED002AB6
:105FF00061EEA31A27EE247AF5EE402A35EEC66A42
:10600000F1EE10FA37EE617A32DDD2ED001ADFEDF3
:106010005D2A66EE211AD2ED013A61EEA21A71EE06
:10602000A31AC2ED011AD2ED001AD2ED023A65EEC2
:10603000211A61EEA21A71EEA31AC2ED021AD2ED74
:10604000001AD2ED033A67EE211A61EEA21A71EE40
:10605000A31AC2ED031AD2ED011A30EE210AD2EDD5
:10606000021AD2ED032A70EEA10A31EE221A03E0E1
:10607000002353609360D36040F28412C2F20002A6
:10608000D2ED001A21EE866AD2ED001A36EE000A31
:1060900092ED006A21EE855A75EE200A26EE075A27
:1060A00035EE011A9FED386AB1EE445A20EE060A29
:1060B00020EE867A21EE061A90ED006A64EE070A59
:1060C00063EE401A71EEE00A62EE011A70EEE10A28
:1060D00061EE041A66EE002A72EEA11A62EE072A39
:1060E00071EEE21A73EE211A63EE012A66EE073AA8
:1060F00027EE033A26EE011A73EEE22A62EE003A28
:1061000031EE031A25EE000A76EE200A73EEA22A7B
:1061100030EE010A34EE224A32EE000A21EEA11AD4
:1061200020EEA02A32EE011A24EE042A32EE011AE1
:1061300020EE002A32EE011A11EE102ABEEE002ADD
:10614000A1EB520121EE022A01EE101A22EE012AE1
:1061500022EE012AB7EE083A32EE032A22EE011AA5
:1061600020EE812A21EE813A24EE014A20EE010A36
:1061700080ED002A80ED013A80ED024A80ED030AAD
:10618000704700BF6F12833A6F12033AFEE70000B8
:10619000FEE7000041F6C840C2F20000FCF708BD6F
:1061A00090ED013A80ED050A30EE600A90ED0A6A42
:1061B00090ED071A90ED002A23EE003A90ED035A75
:1061C00033EE063A80ED081A80ED070A20EE022A27
:1061D00030EE410ABDEEC31A11EE101AB1EE451AA7
:1061E00090ED024ABDEEC11A11EE102ABDEEC51A9D
:1061F00020EE040A11EE103AC0ED060A80ED092ADD
:1062000080ED0B0A9942B8BF0B469142B8BF1346C6
:1062100001EE103AB8EEC11A80ED0A1A32EE011AF8
:1062200030EE010A90ED041ABDEEC00A10EE101A0D
:10623000B1EE410ABDEEC00A10EE102ABDEEC10A51
:1062400010EE103A9942B8BF0B469142B8BF1346C0
:1062500000EE103AB8EEC00A80ED0C0A704700005C
:1062600080EC050A704700000000000000000000FC
:10627000EFF30980BFF36F8F154B1A681EF0100FF4
:1062800008BF20ED108A20E9F04F10602DE90900C9
:106290004FF0500080F31188BFF34F8FBFF36F8F23
:1062A00005F09EFA4FF0000080F31188BDE8090068
:1062B00019680868B0E8F04F1EF0100F08BFB0EC86
:1062C000108A80F30988BFF36F8F704700BF00BF4B
:1062D000F80100202DE9F04F81B041F6B433C2F24D
:1062E0000003D3F800C08946DCF8003023F0010336
:1062F000CCF8003041F61443C2F200031B681F685B
:1063000027F001071F60DCF8007007E0DCF8007080
:1063100027F00107CCF80070DCF80070FF071FBF02
:10632000DCF8007027F00107CCF80070DCF8007092
:1063300018BF5FEAC77715D0DCF8007027F00107B7
:10634000CCF80070DCF80070FF071FBFDCF80070AD
:1063500027F00107CCF80070DCF8007018BF5FEA86
:10636000C777D3D11F68FF071FBF1F6827F001073A
:106370001F601F6818BF5FEAC77715D01F6827F036
:1063800001071F601F68FF071FBF1F6827F0010775
:106390001F601F6818BF5FEAC77705D01F6827F026
:1063A00001071F60DEE700BF42F2AC1BC2F2000B28
:1063B000DBF84C5046F20C44C4F202042E6846F25C
:1063C000080E04F14C0846F28841C4F2020E46451C
:1063D000C4F2020114D98E4200F0A28046F2704548
:1063E000C4F20205AE4240F0D3802025256010257E
:1063F0002560082525600425256001259DE000BF56
:106400000EF1B005AE42009064D946F2104A4F46F4
:10641000C4F2020A46F228495645C4F2020900F0C5
:10642000BD824E4500F01E8146F24045C4F2020591
:10643000AE420CBF4FF400154FF000655645CEF844
:10644000005400F016814E4500F01A8146F2404596
:10645000C4F20205AE420CBF4FF480154FF08065C8
:106460005645CEF8005400F012814E4500F01681DA
:1064700046F24045C4F20205AE420CBF4FF400257F
:106480004FF000755645CEF8005400F00E814E4591
:1064900000F0128146F24045C4F20205AE420CBF44
:1064A0004FF480254FF080755645CEF8005400F02B
:1064B0000A8100984E4500F0098146F24045C4F239
:1064C0000205AE42B9460CBF4FF480354FF480054B
:1064D000FEE000BF0EF1500A46F2100746F27000CF
:1064E0005645C4F20207C4F2020040F2A1800546FC
:1064F00008463946AE4200F00B8346F28805C4F2E6
:1065000002054F46AE4200F0598246F2A005C4F2A1
:106510000205AE420CBF4FF400194FF00069FAE2D9
:106520004FF4006525604FF4806525604FF40075D9
:1065300025604FF48075256040252560DBF84850C4
:106540002D68454540F2CC808D4211D046F2704115
:10655000C4F202018D4245D1202121601021216029
:1065600008212160042121600121216000F06BBC21
:106570004FF4006121604FF4806121604FF400719D
:1065800021604FF4807121604021216000F05BBCEC
:1065900004F194054FF00067AE4208BF4FF40017B6
:1065A00027604FF0806708BF4FF4801727604FF0D7
:1065B0000077AE4208BF4FF4002727604FF0807786
:1065C00008BF4FF4802727604FF48007AE4208BF12
:1065D0004FF480372760DBF848502D684545B3D825
:1065E0007EE000BF04F194014FF000678D4208BFC8
:1065F0004FF4001727604FF0806708BF4FF48017F3
:1066000027604FF000778D4208BF4FF400272760C6
:106610004FF0807708BF4FF4802727604FF4800742
:106620008D4208BF4FF48037276000F00CBC00BFDC
:10663000BE4200F0F38246F22805C4F20205AE42E3
:1066400000F0C08146F24005C4F20205AE420CBF24
:106650004FF400154FF00065CEF80050564540F25B
:10666000B88164E24FF400655645CEF800547FF4DB
:10667000EAAE10255645CEF800547FF4F6AE06E09B
:106680004FF480655645CEF800547FF4EEAE0825F1
:106690005645CEF800547FF4FAAE06E04FF400758C
:1066A0005645CEF800547FF4F2AE04255645CEF898
:1066B00000547FF4FEAE06E04FF480755645CEF8E8
:1066C00000547FF4F6AE0125009800E04025B9465D
:1066D000CEF80054DBF848502D6845453FF634AFFE
:1066E0000EF1B0018D4273D946F21044C4F2020497
:1066F000A54200F05B8146F22841C4F202018D42BE
:1067000000F0128146F24041C4F202018D420CBFFA
:106710004FF400164FF00066A542CEF8006400F07A
:106720000A8146F22841C4F202018D4200F00A813A
:1067300046F24041C4F202018D420CBF4FF4801674
:106740004FF08066A542CEF8006400F0028146F268
:106750002841C4F202018D4200F0028146F240411C
:10676000C4F202018D420CBF4FF400264FF00076B8
:10677000A542CEF8006400F0FA8046F22841C4F247
:1067800002018D4200F0FA8046F24041C4F202015B
:106790008D420CBF4FF480264FF08076A542CEF894
:1067A000006400F0F28046F22841C4F202018D42FA
:1067B00000F0F08046F24041C4F202018D420CBF6D
:1067C0004FF480344FF48004CEF800443BE300BF24
:1067D0000EF15004A54240F28D8046F27001C4F2E1
:1067E00002018D4200F0228246F28801C4F20201C9
:1067F0008D4200F04D8146F2A001C4F202018D42AB
:106800000CBF4FF400164FF00066CEF80460A542AE
:1068100000F22E8246F21001C4F202018D4200F015
:106820000B8246F22801C4F202018D4200F0388149
:1068300046F24001C4F202018D420CBF4FF48016B3
:106840004FF08066CEF80060A54200F22D8246F23D
:106850001001C4F202018D4200F0F48146F22801D9
:10686000C4F202018D4200F0238146F24001C4F2DD
:1068700002018D420CBF4FF400264FF00076CEF897
:106880000060A54200F22C8246F21001C4F202011F
:106890008D4200F0DD8146F22801C4F202018D42F2
:1068A00000F00E8146F24001C4F202018D420CBF9D
:1068B0004FF480264FF08076CEF80060A54200F2BB
:1068C0002B8246F21001C4F202018D4200F0C68113
:1068D00046F22801C4F202018D4200F0F98046F22E
:1068E0004001C4F202018D420CBF4FF480344FF4DA
:1068F0008004B4E146F21001C4F202018D4200F0BE
:10690000B18146F22801C4F202018D4200F0E2801A
:1069100046F24001C4F202018D420CBF4FF4001652
:106920004FF000669FE100BF4FF40066A542CEF82D
:1069300000647FF4F6AE1026A542CEF800647FF422
:1069400006AF06E04FF48066A542CEF800647FF4FF
:10695000FEAE0826A542CEF800647FF40EAF06E036
:106960004FF40076A542CEF800647FF406AF04260B
:10697000A542CEF800647FF416AF06E04FF48076AF
:10698000A542CEF800647FF40EAF0124CEF8004497
:1069900059E200BF4024CEF8004454E22025564579
:1069A000CEF800547FF44FAD63E600BF2026A54229
:1069B000CEF800647FF4B5AEBDE700BF4FF40069C8
:1069C000A9E000BF4FF40065CEF80050564500F234
:1069D000AE80BE4200F0D68146F22805C4F2020520
:1069E000AE4200F07B8046F24005C4F20205AE42A2
:1069F0000CBF4FF480154FF08065CEF8005056451F
:106A000000F2AD80BE4200F0C58146F22805C4F216
:106A10000205AE426AD046F24005C4F20205AE421B
:106A20000CBF4FF400254FF00075CEF800505645CE
:106A300000F2AD80BE4200F0B58146F22805C4F2F6
:106A40000205AE425AD046F24005C4F20205AE42FB
:106A50000CBF4FF480254FF08075CEF8005056459E
:106A600000F2AD800098BE4200F0A48146F22805F5
:106A7000C4F20205AE4249D046F24005C4F2020516
:106A8000AE420CBF4FF480354FF4800593E100BF58
:106A90004FF40066CEF80460A5427FF6BBAEE7E097
:106AA0004FF48066CEF80060A5427FF6D0AEFBE0E2
:106AB0004FF40076CEF80060A5427FF6E5AE0FE118
:106AC0004FF48076CEF80060A5427FF6FAAE23E15F
:106AD0004024C4E04FF40066C5E000BF4FF4806579
:106AE000CEF8005056457FF68DAF38E04FF4007574
:106AF000CEF8005056459DD949E000BF4FF480754F
:106B0000CEF800505645ADD959E000BF402552E1BE
:106B10004F464FF02009CEF80490B9460F46014683
:106B200046F27000C4F2020056457FF652AF86422C
:106B300000F04C8146F28805C4F20205AE4253D003
:106B400046F2A005C4F20205AE420CBF4FF4801518
:106B50004FF08065CEF8045056457FF653AF86421D
:106B600000F03C8146F28805C4F20205AE4243D0F3
:106B700046F2A005C4F20205AE420CBF4FF4002558
:106B80004FF00075CEF8045056457FF653AF86425D
:106B900000F02C8146F28805C4F20205AE4233D0E3
:106BA00046F2A005C4F20205AE420CBF4FF48025A8
:106BB0004FF08075CEF8045056457FF653AF8642AD
:106BC000009800F01B8146F28805C4F20205AE422F
:106BD00022D046F2A005C4F20205AE420CBF4FF42B
:106BE00080354FF480050AE14FF48065CEF80450FB
:106BF00056457FF607AFB2E74FF40075CEF8045064
:106C000056457FF617AFC2E74FF48075CEF80450B3
:106C100056457FF627AFD2E74025F0E02025CEF895
:106C2000005056457FF6D5AE81E700BF2026CEF84E
:106C30000460A5421CD8EDE51026CEF80060A54200
:106C400032D804E60826CEF80060A54248D81BE6F4
:106C50000426CEF80060A5425ED832E60124CEF8C4
:106C60000040F0E02026CEF80060A5427FF6D2ADCD
:106C700046F27001C4F202018D4200F0C98046F272
:106C80008801C4F202018D4260D046F2A001C4F234
:106C900002018D420CBF4FF480164FF08066CEF893
:106CA0000460A5427FF6D3AD46F27001C4F2020142
:106CB0008D4200F0B58046F28801C4F202018D4297
:106CC0004CD046F2A001C4F202018D420CBF4FF439
:106CD00000264FF00076CEF80460A5427FF6D4ADD2
:106CE00046F27001C4F202018D4200F0A18046F22A
:106CF0008801C4F202018D4238D046F2A001C4F2EC
:106D000002018D420CBF4FF480264FF08076CEF802
:106D10000460A5427FF6D5AD46F27001C4F20201CF
:106D20008D4200F08D8046F28801C4F202018D424E
:106D300024D046F2A001C4F202018D420CBF4FF4F0
:106D400080344FF48004CEF804407CE04FF4806639
:106D5000CEF80460A5427FF67AADA5E74FF4007641
:106D6000CEF80460A5427FF68FADB9E74FF4807688
:106D7000CEF80460A5427FF6A4ADCDE74024CEF85E
:106D8000044060E01025CEF8005056453FF6E7AECF
:106D900038E600BF0825CEF8005056453FF6F7AE5E
:106DA00048E600BF0425CEF8005056453FF607AF31
:106DB00058E600BF0125CEF80050DBF848502D689A
:106DC00045457FF68DACFFF7BFBB00BF1025CEF861
:106DD000045056457FF616AEC1E600BF0825CEF832
:106DE000045056457FF626AED1E600BF0425CEF806
:106DF000045056457FF636AEE1E600BF0125CEF8D9
:106E00000450DBF848502D6845453FF69DAB67E4DC
:106E10001026CEF80460A5427FF619AD44E700BF06
:106E20000826CEF80460A5427FF62EAD58E700BFD5
:106E30000426CEF80460A5427FF643AD6CE700BFA0
:106E40000124CEF80440CCF80C90D860CCF8042093
:106E50005A60DCF8000040F00100CCF8000018682F
:106E600040F00100186001B0BDE8F08FF0B542F2CB
:106E7000AC13C2F200031B685E6846F002065E6057
:106E80005E6846F001065E601E6846F040061E60C1
:106E900041F6B433C2F200031B681E6826F00106F7
:106EA0001E601E68F60716D01E6826F001061E60DA
:106EB0001E68F6071FBF1E6826F001061E601E68CA
:106EC00018BF5FEAC67606D01E6826F001061E606F
:106ED0001E68F607E1D146F20C4EC4F2020E46F2ED
:106EE000080C0EF14C04C4F2020CA34276460DD8F5
:106EF0000CF1B005AB4203D90CF5806606E000BF8B
:106F00000CF150056646AB4288BF043643F20C05CF
:106F1000C4F201054FF4001737609D60D9605A60D4
:106F2000196841F01001196041F61441C2F20001E4
:106F300009680B6823F001030B600B68DB0716D0B0
:106F40000B6823F001030B600B68DB071FBF0B68A6
:106F500023F001030B600B6818BF5FEAC37306D010
:106F60000B6823F001030B600B68DB07E1D1A14242
:106F70000DD80CF1B003994202D90CF5806E06E0F1
:106F80000CF15003994288BF0CF1040CE6464FF017
:106F90000063CEF800308D60C8604A60F0BD00002C
:106FA0002DE9F04381B0089C984615460E4681466F
:106FB000FBF782F8201A00EB0804FBF77DF840F29B
:106FC0008C01C2F200010968C1F3CB316143009129
:106FD000D9F800108A683240921BB2FA82F2520944
:106FE000954203D1002001B0BDE8F083074618F1B7
:106FF00001000ED130E000BF009801380090D9F8B0
:10700000000080683040801BB0FA80F04009854263
:10701000E8D0FBF751F8C01BA04227D20098002807
:10702000EAD10024EBE700BF88683040801BB0FA4B
:1070300080F040098542D5D088683040801BB0FA86
:1070400080F040098542CDD088683040801BB0FA7E
:1070500080F040098542C5D088683040801BB0FA76
:1070600080F040098542DFD1BCE700BFD9E90001CB
:107070004268B1F5827F22F0E00242600BD1D9F87C
:107080000810B1F5004F02D0B1F5806F03D101684F
:1070900021F040010160D9F82810B1F5005F07D157
:1070A000016821F400510160016841F40051016060
:1070B000012089F85100002089F85000032001B018
:1070C000BDE8F083000000000000000000000000A8
:1070D000074B19680868B0E8F04F80F30988BFF3E0
:1070E0006F8F4FF0000080F31188704700BF00BF22
:1070F000F8010020FEF7FAFC012003F01FFDFBE77A
:1071000080B54FF0500080F31188BFF36F8FBFF34D
:107110004F8F05F071FC30B14EF60450CEF20000F6
:107120004FF080510160002080F3118880BD000085
:1071300070B592B006AC20463021F9F71DFA002553
:1071400043F640000595CDE90355CDE9015500957D
:10715000C4F202000168022641F08051016000681B
:1071600000F080500090009847F200000095C4F2B3
:107170000000016841F480410160006800F4804033
:10718000009000980120099010200A9008200E908D
:10719000A820CDE90F060420119020460696CDE9DF
:1071A0000C65FCF7B5FC18B172B600BFFEE700BF76
:1071B0000F20CDE901064FF4A05004904FF4805009
:1071C000059001A805210395FCF76AFB10B172B682
:1071D000FEE700BF12B070BD4EF68850CEF2000040
:1071E000016841F4700101607047000042F24C20D8
:1071F000C2F20000FDF792B9B0B540F6FF3E056857
:10720000C4F2000E40F2004C7045C4F2010C25DCC3
:10721000B0F1804F2FD040F20043C4F200039842F7
:1072200029D040F60003C4F20003984223D041F66F
:10723000FF73C4F20003984228DC70453ADCB0F1D9
:10724000804F5BD040F20043C4F20003984255D017
:1072500040F60003C4F200034EE000BF40F60043D6
:10726000C4F20003984206D0604504D00023C4F263
:1072700001039842DBD14B6825F0700243EA020516
:1072800041F6FF73C4F200039842D6DD43F6FF7364
:10729000C4F2010398421FDC42F20003C4F200036F
:1072A00098422BD00023C4F20103984226D06045B7
:1072B00024D028E040F60043C4F2000398421DD0D9
:1072C00041F60003C4F20003984217D041F6004390
:1072D000C4F2000310E000BF44F20003C4F2010353
:1072E00098420BD044F60003C4F20103984205D043
:1072F00044F20043C4F20103984204D1CB6825F460
:10730000407243EA02050A688C684B69C46240F423
:1073100080648262644504BF09690163026825F0E4
:10732000800142F0040219430260012242610160BF
:10733000B0BD0000D0F8D42200EB820CDCF8C032E3
:10734000002B04BF03207047B0B501F00F0404EB1D
:10735000840200EB820E5EF8142F5AB1D0F8C852A6
:1073600004EBC40405EB8404E469B2FBF4F505FB0B
:1073700014229AB10020C3F81402DCF8C422D2F817
:1073800010C0BCF1000F08BFB0BDD3F808020A4618
:1073900003F50471E0470020B0BD00BF00220023C8
:1073A000CEF8002000F0C4FE0020B0BDB0B5D0F88B
:1073B000D42200EB8202D2F8C0529DB1044600F004
:1073C0004DFDD4F8D412C5F80C0204EB8101D1F8BC
:1073D000C412D5F80402CA6805F50371904700206D
:1073E000B0BD00BF0320B0BD70B58121044600F0E0
:1073F00073FC00252046012184F8375000F06CFC16
:107400002046822184F8775100F066FCD4F8D4023B
:1074100004F5307656F8201084F84B50656489B135
:1074200004EB8000D0F8C40240688047D4F8D4024E
:1074300056F8200001F068F9D4F8D40246F820503C
:10744000C4F8BC52002070BD10B5D0F8D41200EBC7
:107450008100D0F8C0428CB1D0F8C41259B194F870
:107460000002FF2807D08B6894F801222146984734
:10747000FF2084F80002002010BD00BF032010BDD3
:10748000014640F20C100A22C2F200000A80704746
:10749000F0B581B040F2C807C2F200070446384692
:1074A000822100F02FFB06463846012100F02AFB1E
:1074B00005463846812100F025FB002E1CBF102117
:1074C000B171002D1CBF4021A98000281CBF4021A4
:1074D0008180432140F2C800C2F20000218001B047
:1074E000F0BD0000F0B581B040F2C807C2F200075D
:1074F00004463846822100F005FB06463846012145
:1075000000F000FB05463846812100F0FBFA002E12
:107510001CBF1021B171002D1CBF4FF40071A98058
:1075200000281CBF4FF400718180432140F2C80045
:10753000C2F20000218001B0F0BD0000F0B581B0C2
:1075400040F2C807C2F2000704463846822100F024
:10755000D9FA06463846012100F0D4FA05463846E5
:10756000812100F0CFFA002E1CBF1021B171002D37
:107570001CBF4021A98000281CBF402181804321DD
:1075800040F2C800C2F20000218001B0F0BD00004E
:107590002DE9F04104464FF4077001F0B7F80028D8
:1075A00050D04FF407710546F8F7E6FFD4F8D4023F
:1075B000402704EB8000C0F8C052207CC4F8BC52C5
:1075C000002808BF4FF400772046812102223B4665
:1075D000022600F0C1FC4FF00108204601210222E2
:1075E0003B4684F8378000F0B7FC102060642046EA
:1075F00082210322082384F8778100F0ADFCD4F8BF
:10760000D4020027C5F8047204EB8000D0F8C4024D
:1076100084F84B8000688047C5F81472C5F818726A
:10762000D5F8042252B1207C01210028204614BF45
:1076300040234FF4007300F0A3FC00263046BDE861
:10764000F08100BFD4F8D402002104EB8000C0F820
:10765000C0120220BDE8F081D0F8D41200EB810105
:10766000D1F8C012002904BF0320704780B590F8FC
:1076700010C0D1F8042240230121BCF1000F08BF43
:107680004FF4007300F07CFC002080BD00290FBF88
:107690000320D0F8D42200EB8200C0F8C41218BF37
:1076A00000207047D0F8D42200EB8200D0F8C0024E
:1076B00000280EBF0320C0F804120020704700000D
:1076C000D0F8D43200EB8300D0F8C00200280FBFFE
:1076D0000320C0F80812C0F81022002070470000F4
:1076E000F0B581B0D0F8D42200EB8203D3F8C042C9
:1076F0000022002C8DF80320ADF8002060D00D781A
:1077000015F0600218D0202A58D1CA88002A29D042
:107710006DB2B5F1FF3F2FDD4978402A84F80012A1
:10772000214628BF402284F8012200F099F8002465
:10773000204601B0F0BD00BF4A780B2A3ED8002495
:10774000DFE802F008063C3C3C3C3C3C3C3C2A3830
:10775000EEE700BF90F89C22032A2FD1694602224F
:1077600021E000BFD3F8C4020022836848780024D7
:107770009847204601B0F0BDD3F8C43206469D6854
:107780004B780F4618462146A847FA883046072A04
:1077900028BF0722214606E090F89C22032A0DD13B
:1077A0000DF10301012200F077F80024204601B01A
:1077B000F0BD00BF90F89C22032AB9D000F044F835
:1077C0000324204601B0F0BDD0F8D41200EB8101B3
:1077D000D1F8C022002A04BF03207047D2F8141247
:1077E00000294FF0010101D00846704780B5C2F86A
:1077F0001412D2F81032D2F808228121836200F0EC
:1078000097FC0021BDE880400846704780B5D0F85D
:10781000B82252689047002818BF032080BD00009E
:10782000002070470020704780B513460A460021AB
:1078300000F0A6FB002080BD80B513460A4600215B
:1078400000F076FC002080BD10B58021044600F0D9
:107850003DFC20460021BDE8104000F037BC000090
:1078600080B513460A460321C0F894120021C0F8DF
:107870006421C0E9553300F083FB002080BD000087
:1078800080B50521C0F8941200210022002300F0E9
:1078900077FB002080BD000080B513460A46022118
:1078A000C0F8941200214262C0E9053300F040FCA8
:1078B000002080BD80B50421C0F894120021002270
:1078C000002300F035FC002080BD000010B540F220
:1078D0006844C2F200040A4602A0214600F054F9AE
:1078E000204610BD43444320436F6E666967000025
:1078F00040F218101222C2F200000A807047000005
:1079000010B540F26844C2F200040A4602A02146C3
:1079100000F03AF9204610BD43444320496E746597
:10792000726661636500000040F240100422C2F2FA
:1079300000000A807047000010B540F26844C2F2AF
:1079400000040A4602A0214600F01EF9204610BDA0
:1079500053544D6963726F656C656374726F6E69C1
:107960006373000010B540F26844C2F200040A4696
:1079700002A0214600F008F9204610BD53544D33B3
:1079800032205669727475616C20436F6D506F724E
:107990007400000047F61020C1F6FF70026883688B
:1079A0004FF01A0C9B18A1F800C000F0A680B0B5EB
:1079B0004FF0370C1A0F0CEB13714068B3F1204FE6
:1079C00038BF02F1300140F24412C2F2000291705D
:1079D00019014FF0000E0CEB117582F803E0C3F3B0
:1079E0000364B1F1204F38BF04F13005190215715D
:1079F0000CEB117582F805E0C3F30354B1F1204F8D
:107A000038BF04F13005190395710CEB117582F83C
:107A100007E0C3F30344B1F1204F38BF04F1300550
:107A2000190415720CEB117582F809E0C3F30334E5
:107A3000B1F1204F38BF04F13005190595720CEBF8
:107A4000117582F80BE0C3F30324B1F1204F38BF66
:107A500004F1300519061573C3F303140CEB11750B
:107A6000B1F1204F4FEA037103F00F0382F80DE0EC
:107A700038BF04F1300503F13704957382F80FE045
:107A8000B1F1204F38BF03F13004010F0CEB10733C
:107A9000147482F811E0B0F1204F38BF01F13003C7
:107AA00001010CEB1174937482F813E0C0F30363CB
:107AB000B1F1204F38BF03F1300401021475C0F357
:107AC00003530CEB1174B1F1204F4FEA003182F8EF
:107AD00015E038BF03F130040CEB1173947582F894
:107AE00017E0C0F30340B1F1204F38BF00F130037D
:107AF000137682F819E0BDE8B04040F24410C2F2BB
:107B000000007047B0F802C003789C459CBF00207D
:107B1000704780B508E000BF82788A4208BF80BD08
:107B200073449AB262452DD290F800E070444278D6
:107B3000052A02D182788A4225D073449AB26245DE
:107B400020D290F800E070444278052A02D1827871
:107B50008A4218D073449AB2624513D290F800E07A
:107B600070444278052A02D182788A420BD073444D
:107B70009AB2624506D290F800E070444278052A35
:107B8000CAD0CDE7002080BD002808BF704710B5DF
:107B900003783BB300F1020EF44600BF1CF8013C31
:107BA0005BB19CF8003043B19CF801302BB19CF8DC
:107BB00002300CF1040C002BF0D14FF0000C00BF90
:107BC0001EF8013C93B19EF800309BB19EF8013045
:107BD000A3B19EF802300CF1040C002B0EF1040E40
:107BE000EED10DE04FF0000C0AE000BF4CF0010CAC
:107BF00006E000BF4CF0020C02E000BF4CF0030CAA
:107C00005FFA8CFC022303EB4C03138003220B70FE
:107C10004A700378A3B3023002224FF0000C00BF79
:107C20005FFA82FE51FA82F401F80E3084F801C046
:107C300010F8013C23B3941C5FFA84FE51FA84F4DB
:107C400001F80E3084F801C00378CBB1141D5FFA3F
:107C500084FE51FA84F401F80E3084F801C04378B0
:107C600073B1941D5FFA84FE51FA84F401F80E306A
:107C700084F801C083780832002B00F10400CFD1D2
:107C8000BDE8104070470000002804BF0320704783
:107C90000023C0F8B832C0F8C4320029C0F8D0328E
:107CA00018BFC0F8B412012180F89C12027000F0D5
:107CB000D9B8000080B5D0F8C802FAF78DFE40F2BE
:107CC0000032C100C0F2013222FA01F1032888BF5C
:107CD0000321C8B280BD000080B5D0F8C802FAF711
:107CE00053FE40F20032C100C0F2013222FA01F12B
:107CF000032888BF0321C8B280BD0000B0B589B198
:107D000090F89C22032A54D1D0F8B8225269002A54
:107D10004FD00023C0F8D4329047002808BF00207D
:107D2000B0BD00BFD0F8941202293BD18169038C09
:107D300099420FD9CA1A416A8261194441620446C4
:107D4000FFF77AFD204600210022002300F018F9F9
:107D500027E000BF10D142698A420DD3D0F89812B3
:107D60008A4209D20021002204460025FFF764FD63
:107D7000C4F89852E6E700BF90F89C12032909D195
:107D8000D0F8B812C96829B10022C0F8D42204463C
:107D9000884720468021044600F098F92046FFF7E6
:107DA0006FFD204690F8A01200291CBF002180F82A
:107DB000A0120020B0BD000010B579B190F89C224F
:107DC000032A22D1D0F8B8229269F2B10023C0F878
:107DD000D4329047002808BF002010BDD0F894127C
:107DE000032912D1D0F85811B0F8602191420FD96F
:107DF0008B1AD0F86411C0F858311144C0F86411DE
:107E0000934288BF1A46FFF70FFD002010BD00BF48
:107E100090F89C12032909D1D0F8B812096929B148
:107E20000022C0F8D422044688472046FFF742FDCE
:107E3000002010BD00207047012180F89C12D0F86E
:107E4000B812002904BF0020704780B54A68017944
:107E50009047002818BF032080BD0000D0F8C8025A
:107E6000FAF7EABD017809B10020704710B541F674
:107E7000C841C2F20001C1F8E004C0F8C8124FF0D6
:107E8000A0400860042008714FF40070C8800220F0
:107E9000C1F809000020C8810846FBF711FB002843
:107EA00018BFF9F7ADFB41F6C844C2F20004204602
:107EB0008021FAF7DFFC204600214022FAF7DEFCA1
:107EC000204601218022FAF7D9FCBDE810400020AD
:107ED00070470000D0F8C80201F07F034AB203EBFC
:107EE000C30301EBC10100EB830300EB810000F24F
:107EF0005620002A48BF03F11600007870470000A2
:107F0000D0F8D42200EB8202D2F8B822002A04BFB3
:107F10000320704790F89C32032B05D1126A1AB1E6
:107F200080B59047002080BD00207047D0F8D42253
:107F300000EB8202D2F8B822002A04BF0320704767
:107F400090F89C32032B05D1526A1AB180B5904744
:107F5000002080BD0020704780B59446D0F8C8024C
:107F60001A466346FAF772FD40F20032C100C0F2D1
:107F7000013222FA01F1032888BF0321C8B280BD73
:107F800080B5D0F8C802FAF79BFD40F20032C1007C
:107F9000C0F2013222FA01F1032888BF0321C8B2DE
:107FA00080BD0000F0B581B00126002580F89C62FC
:107FB000C0F8945204464560D0F8B802C4F8A45200
:107FC00084F8A05240B1426832B120460021904767
:107FD0000546002818BF0325204600210022402323
:107FE0004027FFF7B9FF204680210022402384F874
:107FF0006361A4F86071FFF7AFFF84F8236028463F
:10800000278401B0F0BD000090F89C12042904BF41
:1080100090F89D1280F89C120020704790F89C12F6
:10802000032908D1D0F8B81229B1C96919B180B5AE
:108030008847BDE8804000207047000002460020CD
:108040001174704780B5D0F8C802FBF7D3FB40F23B
:108050000032C100C0F2013222FA01F1032888BFC8
:108060000321C8B280BD0000B0B500F2AA240546C5
:10807000204600F06FF80121C5F8941295F8AA1275
:10808000B5F8B03201F01F02022AC5F898320FD0BD
:10809000012A07D092B928462146BDE8B04000F039
:1080A00091B800BF28462146BDE8B04000F0F4BAC0
:1080B00028462146BDE8B04000F040BA01F08001FA
:1080C0002846BDE8B04000F001B8000080B5D0F807
:1080D000C802FAF717FD40F20032C100C0F20132C7
:1080E00022FA01F1032888BF0321C8B280BD000035
:1080F00080B5D0F8C802FBF799FB40F20032C1000E
:10810000C0F2013222FA01F1032888BF0321C8B26C
:1081100080BD0000014690F89C02042204281CBF88
:1081200091F89C0281F89D02002081F89C22704702
:1081300080B5D0F8C802FAF71DFD40F20032C10048
:10814000C0F2013222FA01F1032888BF0321C8B22C
:1081500080BD00000A7802704A7842704A884280E6
:108160008A888280C988C1807047000010B582B0BB
:1081700004460020ADF80600B1B1D4F8D42204F5CD
:108180002E70C4F8B81250F82200C16A21B10DF166
:1081900006008847C4F8D002D4F8D8020130C4F8E9
:1081A000D802002002B010BD032002B010BD0000B4
:1081B000D0F8B822002A04BF002070471268104788
:1081C000FFF796BF0A78C2F34112531E022B07D263
:1081D000D0F8D42200EB8202D2F8B822926810477D
:1081E00070B582B0002A40F0CB804A78092A00F2AC
:1081F000C780DFE802F0052FC557C56183C51B4165
:1082000090F89C22013A022A00F2BA80C988022919
:1082100040F0B680D0F8A4120322002908BF012242
:10822000014641F80C2F02226AE100BFC9880129EA
:1082300040F0A68090F89C124A1E022A80F09A8094
:108240000024014641F8084F0122FFF725FB204694
:1082500002B070BD90F89C22013A022A00F2908090
:1082600049880024012940F09480C0F8A442FFF717
:1082700021FB204602B070BD498840F26445C2F23D
:10828000000511F0FE0F297052D080210446FFF73F
:108290001DFF20460021FFF719FF0324204602B0EE
:1082A00070BD00BF4A88022A60D0012A68D101212E
:1082B000C0F8A4122DE100BF8A88002A60D1CA88C4
:1082C000002A5DD14D887F2D5AD890F89C12032941
:1082D00056D0E9B280F89E520446FFF7B3FE20461E
:1082E0002646FFF7E7FA002D14BF0220012086F88A
:1082F0009C020024204602B070BD00BF4A884FF0A7
:10830000FF3303EB12230026062BADF8066000F2C4
:10831000FD80DFE813F007004F004100FB00FB0089
:108320005F006D000D46D0F8B4120A68D7E000BFB8
:1083300090F89C22032A6BD0022A40F091800A0612
:1083400000F0E78001F00102C9B242600546FFF784
:108350002FFF002800F0A480044628468021FFF764
:10836000B5FE28460021FFF7B1FE73E0497980F899
:10837000A012CEE0032903D1011D0122C0E000BFFD
:1083800080210446FFF7A2FE204600210024FFF7CB
:108390009DFE204602B070BDD2B2052A00F2B68022
:1083A000DFE802F004948C90889800BFD0F8B422E3
:1083B000526892E00D46017C0446D0F8B8020029CC
:1083C0000CBF816AC16A0DF1060088470146022090
:1083D0001CE000BF027C002A40F098800446D0F8E0
:1083E000B8020D46416B0DF1060088477CE000BFE6
:1083F000027C002A40F08A800446D0F8B8020D467C
:10840000016B0DF1060088470146072048706CE0BB
:108410000A0635D0426801F001018A4200F07980F5
:10842000D1B20446FFF7F2F929782046616025466B
:10843000FFF7BEFE002800F07F800446284680211A
:10844000FFF744FE28460021FFF740FE2979284621
:10845000FFF7DCF9022085F89C02204602B070BDCF
:1084600080210446FFF732FE20460021FFF72EFE52
:1084700029782046FFF7CAF90324204602B070BDD0
:10848000022180F89C120024002144600546FFF779
:10849000BDF92846FFF70EFA204602B070BD00BFB6
:1084A0002846FFF707FA032085F89C02002420469F
:1084B00002B070BDD0F8B42252690EE0D0F8B422F8
:1084C000D2680AE0D0F8B422126906E0D0F8B422EB
:1084D000926802E0D0F8B4229269BAB10D4604461F
:1084E000007C0DF1060190470146EA8882B1BDF893
:1084F0000630ABB1934238BF1A46ADF8062020468D
:10850000FFF7CAF90024204602B070BD044608E017
:108510002046FFF7CFF90024204602B070BD00BF0F
:1085200020468021FFF7D2FD20460021FFF7CEFD37
:108530000024204602B070BD2846EAE770B50A78EC
:108540000D46C2F341120979531E022B044607D28D
:108550002046FFF765F9002855D0002070BD00BF08
:108560009ABB687840B3012814D003282DD194F821
:108570009C02032812D1688838B911F07F0004D01A
:10858000E88810B92046FFF7A1FD2046FFF792F9D1
:10859000002070BD94F89C02032821D0022814D139
:1085A000480612D02046FFF791FD20468021FFF7B4
:1085B0008DFD002070BD00BF94F89C0203282FD0D1
:1085C000022808BF5FEA416056D020468021FFF7AD
:1085D0007DFD20460021FFF779FD002070BD00BF22
:1085E00068880028B9D10E46480603D02046314697
:1085F000FFF760FB2046FFF75DF920463146FFF7A5
:108600000FF90028A9D1D4F8B80282680020002A06
:10861000C4F8D402A1D020462946BDE870401047D6
:1086200001F00F0000EB8000802904EB80002CBFDC
:1086300090F8230090F863010028C6D001F07F0075
:1086400000EB800004EB800000F1140501EB8100D9
:1086500004EB8000802938BF00F5AA75480605D0D4
:108660002046FFF737FC08B1012000E0002005F1AB
:108670000E01A8730AE000BF08064FF0140058BFAF
:108680004FF4AA702118002001F80E0F2046022294
:10869000FFF702F9002070BDB0B50A7802F0600261
:1086A000602A08D090F89C22013A022A03D88A88CE
:1086B00012F0FE0F0AD080210446FFF707FD204686
:1086C00000210024FFF702FD2046B0BD0C46D1B2C8
:1086D0000546FFF7A7F808B10320B0BDD5F8B812DA
:1086E0008A68002AF8D000212846C5F8D41221460D
:1086F0009047E1880446002908BF002CE4D12846B1
:10870000FFF7D8F80020B0BD7047000040F2686065
:10871000C2F200007047000010B50A784B78D0F81C
:108720001CE802F00F04012B4FEA421C18D1012370
:10873000A34043EA0E03C0F81C386044D0F8003967
:108740001B0428D48B6800F51060097904686FF366
:10875000DF2343EA814144EA8252114316E000BF1D
:108760004FF48032A24042EA0E02C0F81C28604456
:10877000D0F8002B12040ED48A6800F53060097915
:108780006FF3DF22036842EA8141194341F08051CF
:1087900041F400410160002010BD00000146D0F806
:1087A000000940F2FF729043C1F80009D1F80408B3
:1087B00040F480720020C1F80428704782B002F4AF
:1087C0007F42B2F5807F40F09980826B4FF6BF7395
:1087D00022F480328263C268CFF6BD731A40C26051
:1087E000029BC268DBB222F44012012BC26003D1AB
:1087F000C26842F48012C26000220092009A0132E4
:108800000092009AB2F1706F00F2F0800269002AC3
:1088100021D4009A01320092009AB2F1706F00F2F6
:10882000E5800269002A16D4009A01320092009A6B
:10883000B2F1706F00F2DA800269002A0BD4009A5C
:1088400001320092009AB2F1706F00F2CF8002699B
:10885000B2F1FF3FD2DC0A220092009AAAB100BF17
:10886000009A013A0092009A7AB1009A013A009275
:10887000009A52B1009A013A0092009A2AB1009AE5
:10888000013A0092009A002AEAD1026942F00102FC
:108890000261009A01320092009AB2F1706F00F208
:1088A000A5800269D20720D0009A01320092009A76
:1088B000B2F1706F00F29A800269D20715D0009A67
:1088C00001320092009AB2F1706F00F28F8002695B
:1088D000D2070AD0009A01320092009AB2F1706F6A
:1088E00000F284800269D207D3D14FF0000C01F46A
:1088F0007F01B1F5803F40F099808FE0C26842F07F
:108900004002C26000220192019A01320192019A52
:10891000B2F1706F72D80269002A1ED4019A013236
:108920000192019AB2F1706F68D80269002A14D4DA
:10893000019A01320192019AB2F1706F5ED8026918
:10894000002A0AD4019A01320192019AB2F1706FA1
:1089500054D80269B2F1FF3FD6DC0A220192019A93
:10896000AAB100BF019A013A0192019A7AB1019A23
:10897000013A0192019A52B1019A013A0192019A87
:108980002AB1019A013A0192019A002AEAD10269B8
:1089900042F001020261019A01320192019AB2F1A0
:1089A000706F2BD80269D2071DD0019A0132019253
:1089B000019AB2F1706F21D80269D20713D0019ADF
:1089C00001320192019AB2F1706F17D80269D20791
:1089D00009D0019A01320192019AB2F1706F0DD85B
:1089E0000269D207D7D14FF0000C09E04FF0030C19
:1089F00001F47F01B1F5803F18D10FE04FF0030C77
:108A0000826B13F47F4F14BF22F4803242F4803221
:108A1000826301F47F01B1F5803F07D1816841F0A5
:108A200006018160816841F020018160604602B0EA
:108A30007047000010B54A7891F800E047F6000C46
:108A4000CEF6334C012A4FEA4E1227D10244D2F817
:108A5000001902F51063B1F1FF3F4FF0010407DC8C
:108A6000196841F000611960196841F0804119608E
:108A70000EF00F01D0F83C2804FA01F18A43C0F847
:108A80003C28D0F81C2822EA0101C0F81C181868FC
:108A900000EA0C010020196010BD00BF811801F52B
:108AA0003063D1F8001B0CF1707CB1F1FF3F4FF443
:108AB0008034DDDCD4E700000146D0F8000E20F061
:108AC0000300C1F8000ED1F8040820F002020020D3
:108AD000C1F80428704700000146D0F8000E20F0CD
:108AE0000300C1F8000ED1F8040840F00202002093
:108AF000C1F80428704700002DE9F04F86B0C3F399
:108B0000074516468E460021C0F80411C0F808112A
:108B1000C0F80C11C0F81011C0F81411C0F81811E9
:108B2000C0F81C11C0F82011C0F82411C0F8281199
:108B3000C0F82C11C0F83011C0F83411C0F8381149
:108B4000C0F83C1145B1816B21F400118163816B48
:108B500041F4002111E000BFD0F8041841F00201F7
:108B6000C0F80418816B41F400118163816B21F41A
:108B700000218163816B21F4802106F47F428163AF
:108B80000021B2F5807FC0F8001E07D1D0F8002880
:108B9000B1EB1E6F08D1C0F8002809E0D0F800182A
:108BA00041F0030102E000BF42F00101C0F80018EB
:108BB000002104910499013104910499B1F1706F7D
:108BC00052D8016900291ED40499013104910499F5
:108BD000B1F1706F48D80169002914D404990131AA
:108BE00004910499B1F1706F3ED8016900290AD44B
:108BF0000499013104910499B1F1706F34D801697D
:108C0000B1F1FF3FD6DC002104914FF48461016192
:108C10000499013104910499B1F1706F24D801696C
:108C200089061DD50499013104910499B1F1706F41
:108C30001AD80169890613D5049901310491049960
:108C4000B1F1706F10D80169890609D50499013115
:108C500004910499B1F1706F06D801698906D7D4DF
:108C60004FF0000A02E000BF4FF0010A0021059119
:108C70000599013105910599B1F1706F4ED80169DF
:108C800000291ED40599013105910599B1F1706F44
:108C900044D80169002914D4059901310591059939
:108CA000B1F1706F3AD8016900290AD405990131F0
:108CB00005910599B1F1706F30D80169B1F1FF3FAD
:108CC000D6DC002105911021016105990131059142
:108CD0000599B1F1706F21D80169C90620D50599B0
:108CE000013105910599B1F1706F17D80169C90675
:108CF00016D50599013105910599B1F1706F0DD81F
:108D00000169C9060CD50599013105910599B1F1A3
:108D1000706F03D80169C906D7D401E04FF0010A8A
:108D20005FFA8EF94FF00008B9F1000FC0F8108813
:108D3000C0F81488C0F81C8800F00D81CDF80CA094
:108D4000CDE9015ED0F800194FF0006404EA11117A
:108D50004FF67F35B9F1010BC0F80019C0F8108942
:108D6000C0F8085974D0A9F1020103290BF0030AD5
:108D700004D20121BAF1000F40D169E000962BF036
:108D8000030700F5186600234FF0904C4FF67F3232
:108D90004FF0000E56F8601C0EF1040E0CEAE17163
:108DA00046F8601C46F8503C46F8582C56F8401CD3
:108DB00077450CEAE17146F8401C46F8303C46F82D
:108DC000382C56F8201C0CEAE17146F8201C46F8B5
:108DD000103C46F8182C31680CEAE17131603361BF
:108DE000B26006F18006D5D1009E0EF101014FF66A
:108DF0007F354FF00064BAF1000F29D000F5106301
:108E00004F01B446DE594FF0904202EAE67603EB9A
:108E10004111DE51664600274FF67F33BAF1010F4C
:108E20000F618B6014D00E6ABAF1020F02EAE6728B
:108E300066460A620F638B620AD00A6C4FF0904359
:108E400003EAE2720A6400220A654FF67F328A64FE
:108E5000D0F8001BBBF1000F04EA1111C0F8001B91
:108E60004FF00001C0F8101BC0F8085BDDE9015E9F
:108E7000DDF80CA06FD0A9F1020103290BF0030C5F
:108E800004D20121BCF1000F3BD164E0A946009659
:108E90002BF0030500F5386600234FF090474FF69E
:108EA0007F32002156F8604C043107EAE47446F83A
:108EB000604C46F8503C46F8582C56F8404C8D42D1
:108EC00007EAE47446F8404C46F8303C46F8382C43
:108ED00056F8204C07EAE47446F8204C46F8103C5B
:108EE00046F8182C346807EAE47434603361B260E1
:108EF00006F18006D6D1009E01314D46BCF1000F2F
:108F000029D000F530634F013446DE594FF09042CE
:108F100002EAE67603EB4111DE51264600274FF6C2
:108F20007F33BCF1010F0F618B6014D00E6ABCF16E
:108F3000020F02EAE67226460A620F638B620AD0CB
:108F40000A6C4FF0904303EAE2720A6400220A6559
:108F50004FF67F328A64D0F810181EF47F0F21F488
:108F60008071C0F810186FF08041C0F8188041611E
:108F700003D1816941F010018161816943F60002EA
:108F8000C8F23C02114316F47F0F816103D081695E
:108F900041F008018161012D05D1816941F08041D5
:108FA00041F004018161504606B0BDE8F08F000039
:108FB0000146806820F0010200208A6070470000AE
:108FC000D0F840C043F20B03C4F654739C4503D35E
:108FD000D0F8003B002B1ED40023C0F8103BD0F883
:108FE000103B012943F40023C0F8103BD0F8103B9C
:108FF00043F01803C0F8103BD0F8103B43F0C043D7
:10900000C0F8103B07D1C0F8142BD0F8001B41F07A
:109010008021C0F8001B0020704700004A780B78C0
:10902000012A4FEA431210440ED1D0F8002922F44D
:109030000012C0F80029097901F0FE01022914D1BB
:1090400000F510600DE000BFD0F8002B22F40012F4
:10905000C0F8002B097901F0FE01022905D100F5C5
:109060003060016841F080510160002070470000CD
:109070000A784B785101012B084407D1D0F8001928
:10908000002900F5106107D50BE000BFD0F8001BE8
:10909000002900F5306104D41AB1086820F080403E
:1090A0000860086840F4001200200A607047000061
:1090B000F0B54B78002591F800C04FF6FF76CFF65B
:1090C000F875012BCEF207062CD10C6900EB4C1E73
:1090D000DEF81079002C0EF510634FD03D401D6175
:1090E0001D69BCF1000F05EA06051D618E6800F0E0
:1090F0009B80A519013DB5FBF6F50026C1F6F87673
:109100001F6906EAC5463E431E610E79012E40F0F6
:1091100098801E6926F0C0461E614FF0C04606EAE0
:1091200045758BE000EB4C13D3F8107B4FF6FF74C2
:109130002F40C3F8107BD3F8107BC0F207043740F0
:10914000C3F8107B8D680E69BCF1000F03F5306326
:109150003CD0002E3ED07719013FB7FBF5F740F227
:10916000000CBEB26E430E62C1F6F87C1D690CEABB
:10917000C7472F4326401F6133E000BF07EA0604BC
:109180001C611C6944F400241C611C6925400024F6
:10919000012A1D615DD000F510634FEA4C169F59FE
:1091A00047F004479F510F79012F33D1D0F8087849
:1091B000F558FF054FF0805758BF4FF000572F4329
:1091C000002AF75060D00020F0BD00BF002E18BF6D
:1091D0000D610D621F6905EA040637431F614FF4F4
:1091E00000261F69012A47EA06071F6103D1CA68E2
:1091F000002A18BF5A61097901293DD1D0F8080821
:109200001968C0054FF0805058BF4FF00050084318
:1092100031E000BF002CD6D00CF00F01012202FA81
:1092200001F100F6340329E0B44205D90E614FF490
:109230000025344602E000BF4FF400251E69354387
:109240001D6125461E696FF3DF453543012A1D6107
:10925000A1D1CA69002A18BFCEF8142909790129B9
:109260000AD1D0F80818DEF80009C9054CBF40F053
:10927000805040F0005018604FF0044118680843D7
:1092800018600020F0BD00BFA2B2002A9BD0D61CFF
:109290004FF0FF33C96803EB960300F580504FEAA7
:1092A0000C32032BC6F381030ED3B70827F0030655
:1092B0000F68043E17504F6817508F681750CF68DB
:1092C00001F110011750F3D1002B3FF47CAF0F6870
:1092D000012B87503FF477AF4F68022B87503FF444
:1092E00072AF896881500020F0BD000081B000227B
:1092F00000924A780978012A4FEA41113AD100F5E3
:1093000010625058B0F1FF3F3ADC885842F21073B7
:1093100040F000608850885840F0804088500098A5
:10932000013000900098984264D85058B0F1FF3F47
:1093300026DC009801300090009898425AD8505886
:10934000B0F1FF3F1CDC009801300090009898427B
:1093500050D85058B0F1FF3F12DC00980130009017
:109360000098984246D85058B0F1FF3F4FF00000A7
:10937000D5DD3CE000F530625058B0F1FF3F03DD31
:10938000002001B0704700BF885842F2107340F0CF
:1093900000608850885840F0804088500098013024
:1093A00000900098984225D85058B0F1FF3FE7DC74
:1093B000009801300090009898421BD85058B0F1A6
:1093C000FF3FDDDC0098013000900098984211D8F2
:1093D0005058B0F1FF3FD3DC009801300090009866
:1093E000984207D8505800284FF00000D6D401B05A
:1093F000704700BF012001B070470000014680683F
:1094000040F0010200208A607047000081B0002215
:109410000092009A01320092009AB2F1706F51D816
:109420000269002A1ED4009A01320092009AB2F119
:10943000706F47D80269002A14D4009A0132009252
:10944000009AB2F1706F3DD80269002A0AD4009ADE
:1094500001320092009AB2F1706F33D80269B2F112
:10946000FF3FD6DC89010022203100920161009982
:10947000013100910099B1F1706F23D8016989061B
:109480001DD50099013100910099B1F1706F19D883
:109490000169890613D50099013100910099B1F154
:1094A000706F0FD80169890609D5009901310091C3
:1094B0000099B1F1706F05D801698906D7D40020F1
:1094C00001B07047032001B070470000D0F80808D1
:1094D00000F0060180074FF0020058BF0F2000295E
:1094E00008BF084670470000406900F0010070475F
:1094F000D0F81818D0F81C08084080B27047000057
:10950000D0F81818D0F81C080840000C704700006C
:10951000D0F810C8D0F8343801F00F0223FA02F264
:10952000D20100EB4110D2B2D0F8080942EA0C0196
:109530000840704700EB4111D1F8081BD0F814081F
:1095400008407047416980690840704710B593082A
:1095500002F0030E2CD05A1E032A03F0030C0FD383
:1095600023F003034FF480528458043B0C6084586A
:109570004C6084588C608458CC6001F11001F3D1A8
:10958000BCF1000F14D04FF4805284580B46BCF14C
:10959000010F43F8044B05D11946BEF1000F0AD163
:1095A0001EE000BF8258BCF1020F4A601AD1083198
:1095B000BEF1000F14D04FF4805280580A46BEF11D
:1095C000010F02F8010B04BF104610BD020ABEF1E4
:1095D000020F4A7004BF881C10BD000C8870033154
:1095E000084610BD4FF4805282588A600C31BEF19B
:1095F000000FE0D1F4E70000B0B50446C0680029D0
:1096000020F0C040E06000F09980012940F0B08077
:10961000E0680A2540F00050E0600A20F8F7DCFB23
:1096200054F8140FC00740F09C800A20F8F7D4FBD0
:109630002068C00740F09E800A20F8F7CDFB206824
:10964000C00740F0A5800A20F8F7C6FB2068C007D5
:1096500040F0AC800A20F8F7BFFB2068C00740F05C
:10966000B3800A20F8F7B8FB2068C00740F0BA8042
:109670000A20F8F7B1FB2068C00740F0C1800A203B
:10968000F8F7AAFB2068C00740F0C8800A20F8F766
:10969000A3FB2068C00740F0CF800A20F8F79CFBAE
:1096A0002068C00740F0D6800A20F8F795FB2068B4
:1096B000C00740F0DD800A20F8F78EFB2068C00765
:1096C00040F0E4800A20F8F787FB2068C00740F0EC
:1096D000EB800A20F8F780FB2068C00740F0F2809A
:1096E0000A20F8F779FB2068C00740F0F9800A20CB
:1096F000F8F772FB2068C00740F000810A20F8F7F5
:109700006BFB2068C00740F007810A20F8F764FB74
:109710002068C00740F00E810A20F8F75DFB206842
:10972000C00740F016810A20F8F756FB2068C825CC
:10973000A5F1C800B0FA80F04009B0BDE0680A2584
:1097400040F08040E0600A20F8F746FB54F8140F20
:10975000C00706D00A20F8F73FFB2068C00711D1E8
:109760001425A5F1C800B0FA80F04009B0BD00BFD3
:109770000120B0BD1425A5F1C800B0FA80F0400961
:10978000B0BD00BF0A20F8F727FB2068C00707D14B
:109790001E25A5F1C800B0FA80F04009B0BD00BF99
:1097A0000A20F8F719FB2068C00707D12825A5F182
:1097B000C800B0FA80F04009B0BD00BF0A20F8F739
:1097C0000BFB2068C00707D13225A5F1C800B0FA0D
:1097D00080F04009B0BD00BF0A20F8F7FDFA20680C
:1097E000C00707D13C25A5F1C800B0FA80F04009B8
:1097F000B0BD00BF0A20F8F7EFFA2068C00707D114
:109800004625A5F1C800B0FA80F04009B0BD00BF00
:109810000A20F8F7E1FA2068C00707D15025A5F122
:10982000C800B0FA80F04009B0BD00BF0A20F8F7C8
:10983000D3FA2068C00707D15A25A5F1C800B0FAAD
:1098400080F04009B0BD00BF0A20F8F7C5FA2068D3
:10985000C00707D16425A5F1C800B0FA80F040091F
:10986000B0BD00BF0A20F8F7B7FA2068C00707D1DB
:109870006E25A5F1C800B0FA80F04009B0BD00BF68
:109880000A20F8F7A9FA2068C00707D17825A5F1C2
:10989000C800B0FA80F04009B0BD00BF0A20F8F758
:1098A0009BFA2068C00707D18225A5F1C800B0FA4D
:1098B00080F04009B0BD00BF0A20F8F78DFA20689B
:1098C000C00707D18C25A5F1C800B0FA80F0400987
:1098D000B0BD00BF0A20F8F77FFA2068C00707D1A3
:1098E0009625A5F1C800B0FA80F04009B0BD00BFD0
:1098F0000A20F8F771FA2068C00707D1A025A5F162
:10990000C800B0FA80F04009B0BD00BF0A20F8F7E7
:1099100063FA2068C00707D1AA25A5F1C800B0FAEC
:1099200080F04009B0BD00BF0A20F8F755FA206862
:10993000C00707D1B425A5F1C800B0FA80F04009EE
:10994000B0BD00BF0A20F8F747FA2068C0077FF4CF
:10995000EAAEBE25A5F1C800B0FA80F04009B0BD5E
:109960000246D0F8000801F07F0120F4FE60C2F842
:109970000008D2F8000840EA01110020C2F80018DF
:1099800070470000022A02465FD145F24030CFF610
:10999000277043F200530844C0F20C03984203D2EC
:1099A0004FF4705053E000BF41F64060CFF61B709B
:1099B00044F240230844C0F20F03984202D24FF40D
:1099C000605044E0A1F5740044F68073A0F5105097
:1099D000C0F21203984203D24FF4505037E000BF58
:1099E000A1F183704DF22063A0F5E740C0F21303AC
:1099F000984203D24FF4405029E000BF4BF2606020
:109A0000CFF6E5604EF260330844C0F21603984288
:109A100002D24FF430501AE04DF20030CFF6CE6053
:109A200047F240730844C0F21B03984202D24FF43D
:109A300020500CE045F6C030CFF6B36049F2C013B9
:109A40000844C0F2210398420AD24FF41050D16862
:109A500021F47051D160D16801430020D16070477A
:109A6000A1F1B77047F22053A0F55850C0F2380367
:109A7000984203D24FF40050E9E700BF45F2E040BE
:109A8000CFF6596049F6E0430144C0F241034FF478
:109A9000C050994238BF4FF4E050D8E710B5DDF818
:109AA00008C0BCF1000F2CD15BB303F1030E4FF0E3
:109AB000FF3303EB9E0300F580541203032BCEF318
:109AC000810C0FD34FEA9E0323F003030868043B85
:109AD00010514868105188681051C86801F1100190
:109AE0001051F3D1BCF1000F0BD00868BCF1010F8D
:109AF000A05006D04868BCF1020FA0501CBF886877
:109B0000A050002010BD0000FEE7000010B582B09C
:109B100000208DF80700F7F715F98020F7F77CFA99
:109B20005520F7F779FA5520F7F776FA8DF8070000
:109B3000F7F700F99620F7F75DF9F7F703F98020BA
:109B4000F7F76AFA5520F7F767FA5520F7F764FA3E
:109B50008DF80700F7F7EEF89620F7F74BF9F7F7CF
:109B6000F1F87E20F7F758FAB620F7F755FAF7F72D
:109B7000E1F85020F7F73CF9F7F7E4F88020F7F721
:109B80004BFA5520F7F748FA5520F7F745FA8DF8C4
:109B90000700F7F7CFF89620F7F72CF9F7F7D2F888
:109BA0008020F7F739FA5520F7F736FA5520F7F7FE
:109BB00033FA8DF80700F7F7BDF89620F7F71AF992
:109BC0009DF807001E284BD1F7F7BCF87D20F7F76A
:109BD00023FA0420F7F720FAF7F7ACF89620F7F706
:109BE00009F9F7F7AFF8FD20F7F716FA5520F7F760
:109BF00013FA5520F7F710FA8DF80700F7F79AF8DF
:109C00009620F7F7F7F89DF807004DF63E24042854
:109C1000C0F6000471D1F7F795F87C20F7F7FCF94E
:109C20000020F7F7F9F9F7F785F89620F7F7E2F84B
:109C3000F7F788F8FC20F7F7EFF95520F7F7ECF97C
:109C40005520F7F7E9F98DF80700F7F773F8962034
:109C5000F7F7D0F89DF8070030B103344DE000BFAE
:109C6000012002B010BD00BFF7F76CF84020F7F7F5
:109C7000D3F9AB20F7F7D0F9F7F75CF89620F7F7B0
:109C8000B9F8F7F75FF8C020F7F7C6F95520F7F7EE
:109C9000C3F95520F7F7C0F98DF80700F7F74AF830
:109CA0009620F7F7A7F89DF80700AB2824D1F7F71F
:109CB00049F84120F7F7B0F90020F7F7ADF9F7F7C9
:109CC00039F89620F7F796F8F7F73CF8C120F7F740
:109CD000A3F95520F7F7A0F95520F7F79DF98DF86E
:109CE0000700F7F727F89620F7F784F89DF80700A4
:109CF00050B1093401E000BF0634A078002818BF35
:109D0000012002B010BD00BFF7F71CF85320F7F791
:109D100083F90820F7F780F9F7F70CF89620F7F7A2
:109D200069F8F7F70FF8D320F7F776F95520F7F72A
:109D300073F95520F7F770F98DF80700F6F7FAFF79
:109D40009620F7F757F89DF80700082826D1F6F770
:109D5000F9FF5820F7F760F90420F7F75DF9F6F7F7
:109D6000E9FF9620F7F746F8F6F7ECFFD820F7F76B
:109D700053F95520F7F750F95520F7F74DF98DF8BD
:109D80000700F6F7D7FF9620F7F734F89DF807009D
:109D9000042805D1002002B010BD00BF0C34ACE790
:109DA0000F34AAE72DE9F04F87B000208DF81B0093
:109DB000F6F7C8FF8020F7F72FF95520F7F72CF9B1
:109DC0005520F7F729F98DF81B00F6F7B3FF962019
:109DD000F7F710F8F6F7B6FF8020F7F71DF95520D2
:109DE000F7F71AF95520F7F717F98DF81B00F6F772
:109DF000A1FF9620F6F7FEFFF6F7A4FF7E20F7F707
:109E00000BF9B620F7F708F9F6F794FF5020F6F7AC
:109E1000EFFFF6F797FF8020F7F7FEF85520F7F7EA
:109E2000FBF85520F7F7F8F88DF81B00F6F782FFDE
:109E30009620F6F7DFFFF6F785FF8020F7F7ECF8BE
:109E40005520F7F7E9F85520F7F7E6F88DF81B00ED
:109E5000F6F770FF9620F6F7CDFF9DF81B001E2841
:109E600040F09381F6F76EFF4020F7F7D5F8AC206D
:109E7000F7F7D2F8F6F75EFF9620F6F7BBFFF6F796
:109E800061FFC020F7F7C8F85520F7F7C5F855204F
:109E9000F7F7C2F88DF81B00F6F74CFF9620F6F79F
:109EA000A9FF9DF81B004DF60824AC28C0F600045D
:109EB00075D15020F6F79CFFF6F744FF7D20F7F7A9
:109EC000ABF80420F7F7A8F8F6F734FF9620F6F77A
:109ED00091FFF6F737FFFD20F7F79EF85520F7F7CB
:109EE0009BF85520F7F798F88DF81B00F6F722FF3E
:109EF0009620F6F77FFF9DF81B0004284CD15020D8
:109F0000F6F776FFF6F71EFF4120F7F785F80320F6
:109F1000F7F782F8F6F70EFF9620F6F76BFFF6F7E5
:109F200011FFC120F7F778F85520F7F775F855209D
:109F3000F7F772F88DF81B00F6F7FCFE9620F6F79F
:109F400059FF9DF81B00032828D15020F6F750FF39
:109F5000F6F7F8FE7C20F7F75FF80020F7F75CF8DB
:109F6000F6F7E8FE9620F6F745FFF6F7EBFEFC2045
:109F7000F7F752F85520F7F74FF85520F7F74CF858
:109F80008DF81B00F6F7D6FE9620F6F733FF9DF806
:109F90001B0058B1093402E0033400E00634A07815
:109FA000002818BF012007B0BDE8F08F5020F6F759
:109FB0001FFFF6F7C7FE6D20F7F72EF80D20F7F715
:109FC0002BF8F6F7B7FE9620F6F714FFF6F7BAFE71
:109FD000ED20F7F721F85520F7F71EF85520F7F791
:109FE0001BF88DF81B00F6F7A5FE9620F6F702FF8A
:109FF0009DF81B000D2840F0CD805020F6F7F8FEAC
:10A00000F6F7A0FE9220F7F707F89220F7F704F88A
:10A010005520F7F701F883465520F6F7FDFF8146F6
:10A020005520F6F7F9FF80465520F6F7F5FF05466F
:10A030005520F6F7F1FF06465520F6F7EDFF0746E7
:10A04000F6F778FEF6F77EFE6D20F6F7E5FF0920BD
:10A05000F6F7E2FFF6F76EFE9620F6F7CBFEF6F780
:10A0600071FEED20F6F7D8FF5520F6F7D5FF552005
:10A07000F6F7D2FF8DF81B00F6F75CFE9620F6F798
:10A08000B9FE9DF81B00092840F088805020CDE9DA
:10A090000458CDE90276F6F7ABFEF6F753FE9220B0
:10A0A000F6F7BAFF9220F6F7B7FF5520F6F7B4FFA0
:10A0B00080465520F6F7B0FF82465520F6F7ACFFF4
:10A0C00004465520F6F7A8FF07465520F6F7A4FFEB
:10A0D00005465520F6F7A0FF0646F6F72BFEF6F7E5
:10A0E00031FE6D20F6F798FF0020F6F795FFF6F7A2
:10A0F00021FE9620F6F77EFEF6F724FEED20F6F719
:10A100008BFF5520F6F788FF5520F6F785FF8DF871
:10A110001B00F6F70FFE9620F6F76CFE9DF81B006D
:10A1200098BBCDE9006526464BEA092448EA0A2592
:10A13000F6F708FE7E20F6F76FFFB620F6F76CFF05
:10A14000F6F7F8FD5020F6F753FE20B229B2411A77
:10A1500040F25550814218DBDDE9042141EA022139
:10A1600046EA072209B212B2891A81420DDBDDE903
:10A17000021040EA0120DDE9002100B241EA02219B
:10A1800009B2401AB0F52A7F0CDA012007B0BDE809
:10A19000F08F00BF04F10C00807801E704F10F009C
:10A1A0008078FDE6F6F7CEFD8020F6F735FF5520E6
:10A1B000F6F732FF5520F6F72FFF8DF81B00F6F764
:10A1C000B9FD9620F6F716FEF6F7BCFD8020F6F7EF
:10A1D00023FF5520F6F720FF5520F6F71DFF8DF8D9
:10A1E0001B00F6F7A7FD9620F6F704FE002007B047
:10A1F000BDE8F08FB0B5F6F7B7FD8020F6F70CFF9D
:10A200005520F6F709FFF6F7A7FD9620F6F7F2FDC1
:10A21000F6F7AAFD8020F6F7FFFE5520F6F7FCFEC4
:10A22000F6F79AFD9620F6F7E5FDF6F79DFD14206A
:10A23000F6F7F2FEB620F6F7EFFEF6F78DFD5020AA
:10A24000F6F7D6FDF6F790FD8020F6F7E5FE5520EF
:10A25000F6F7E2FEF6F780FD9620F6F7CBFDF6F76F
:10A2600083FD8020F6F7D8FE5520F6F7D5FE04468C
:10A27000F6F772FD9620F6F7BDFD0F2C1CBF0120EE
:10A28000B0BDF6F771FD0F20F6F7C6FE0020F6F719
:10A29000C3FEF6F761FD9620F6F7ACFDF6F764FD18
:10A2A0008F20F6F7B9FE5520F6F7B6FE0446F6F70E
:10A2B00053FD9620F6F79EFD4DF65025C0F600059D
:10A2C000DCBBF6F751FD1020F6F7A6FE8220F6F76C
:10A2D000A3FEF6F741FD9620F6F78CFDF6F744FD58
:10A2E0009020F6F799FE5520F6F796FE0446F6F70D
:10A2F00033FD9620F6F77EFD822C1DD1F6F734FD56
:10A300001120F6F789FE0020F6F786FEF6F724FD09
:10A310009620F6F76FFDF6F727FD9120F6F77CFE05
:10A320005520F6F779FE0446F6F716FD9620F6F767
:10A3300061FD3CB1063500E00335A878002818BF60
:10A340000120B0BDF6F710FD1520F6F765FE802060
:10A35000F6F762FEF6F700FD9620F6F74BFDF6F7EE
:10A3600003FD9520F6F758FE5520F6F755FE0446F6
:10A37000F6F7F2FC9620F6F73DFD802C1ED1F6F79D
:10A38000F3FC1620F6F748FE0020F6F745FEF6F738
:10A39000E3FC9620F6F72EFDF6F7E6FC9620F6F79E
:10A3A0003BFE5520F6F738FE0446F6F7D5FC96201E
:10A3B000F6F720FD24B10C35BFE700BF0935BCE737
:10A3C000F6F7D2FC1820F6F727FE0120F6F724FE58
:10A3D000F6F7C2FC9620F6F70DFDF6F7C5FC9820BF
:10A3E000F6F71AFE5520F6F717FE0446F6F7B4FC0A
:10A3F0009620F6F7FFFC012C04BF0020B0BD0F35FE
:10A400009BE7000010B5F6F7AFFC8020F6F704FEDE
:10A410005520F6F701FEF6F79FFC9620F6F7EAFCCA
:10A42000F6F7A2FC8020F6F7F7FD5520F6F7F4FDCD
:10A43000F6F792FC9620F6F7DDFCF6F795FC142073
:10A44000F6F7EAFDB620F6F7E7FDF6F785FC5020B3
:10A45000F6F7CEFCF6F788FC8020F6F7DDFD5520F8
:10A46000F6F7DAFDF6F778FC9620F6F7C3FCF6F778
:10A470007BFC8020F6F7D0FD5520F6F7CDFDF6F7F2
:10A480006BFC9620F6F7B6FCF6F76EFC3C20F6F770
:10A49000C3FD0120F6F7C0FDF6F75EFC5020F6F78D
:10A4A000A7FCF6F761FCBC20F6F7B6FD5520F6F7E1
:10A4B000B3FD0446F6F750FC9620F6F79BFCA00788
:10A4C00000F19680F6F750FCBC20F6F7A5FD55206C
:10A4D000F6F7A2FD0446F6F73FFC9620F6F78AFC55
:10A4E000A00700F18580F6F73FFCBC20F6F794FD4D
:10A4F0005520F6F791FD0446F6F72EFC9620F6F768
:10A5000079FCA00774D4F6F72FFCBC20F6F784FD85
:10A510005520F6F781FD0446F6F71EFC9620F6F767
:10A5200069FCA00764D4F6F71FFCBC20F6F774FDA5
:10A530005520F6F771FD0446F6F70EFC9620F6F767
:10A5400059FCA00754D4F6F70FFCBC20F6F764FDC5
:10A550005520F6F761FD0446F6F7FEFB9620F6F768
:10A5600049FCA00744D4F6F7FFFBBC20F6F754FDE6
:10A570005520F6F751FD0446F6F7EEFB9620F6F768
:10A5800039FCA00734D4F6F7EFFBBC20F6F744FD06
:10A590005520F6F741FD0446F6F7DEFB9620F6F768
:10A5A00029FCA00724D4F6F7DFFBBC20F6F734FD26
:10A5B0005520F6F731FD0446F6F7CEFB9620F6F768
:10A5C00019FCA00714D4F6F7CFFBBC20F6F724FD46
:10A5D0005520F6F721FD0446F6F7BEFB9620F6F768
:10A5E00009FC012004F0040140EA910010BD00BF05
:10A5F000002004F0040140EA910010BD40F2A430B4
:10A6000040F20802C2F20000C2F2000290ED057AA8
:10A61000D0ED060A92ED066AD2ED072A90ED075AB0
:10A62000D2ED083A60EEA22A27EE066A36EE226ADA
:10A6300065EE233A90ED024A33EE866A40F2D0216D
:10A64000D2ED103A90ED013AD2ED0F2AC2F200019C
:10A6500090ED032A40F2483081ED126A24EE236A1D
:10A66000D2ED113AC2F2000063EE222AD0ED091AAF
:10A6700072EE862A62EE233A73EEA22A40F260134B
:10A6800072EEA11AC2F2000390ED140A90ED151AB1
:10A69000C1ED151AD3ED001AD3ED012A90ED166A1B
:10A6A000D3ED023A61EE222A60EE211A71EEA21A6F
:10A6B00066EE232AD0ED0C3A72EEA11A71EEA31ABF
:10A6C000C1ED181AD2ED091AD2ED0A2AD2ED0B3AD1
:10A6D00060EEA22A67EE211A71EEA21A65EE233A05
:10A6E000D2ED122A73EEA11AD2ED133AC1ED131A6C
:10A6F00064EE231A63EE222A72EEA11AD2ED142A16
:10A70000D0ED0A3A62EE222A72EEA11AD3ED032AA4
:10A7100071EEA31AD3ED043AC1ED161A61EE231AB5
:10A7200060EE222A72EEA11AD3ED052AD0ED0D3A81
:10A7300066EE222A72EEA11A71EEA31AC1ED191A61
:10A74000D2ED0D1AD2ED0C2A60EEA10AD2ED0E1A4E
:10A7500027EE227A37EE207A25EE215A35EE075A77
:10A7600081ED145A92ED165A92ED157A24EE054AAF
:10A7700092ED175A23EE073A33EE043A22EE052AF9
:10A7800090ED0B4A32EE032A32EE042A81ED172AAD
:10A7900093ED072A93ED063A21EE021A93ED082A6B
:10A7A00020EE030A30EE010A26EE021A90ED0E2A80
:10A7B00031EE000A30EE020A81ED1A0A70470000FD
:10A7C00010B540F2D024C2F200042078C00714D0A3
:10A7D00042F2AC10C2F20000816C09680968C90736
:10A7E0000BD1C06C00680068C00706D16078800794
:10A7F0005CBFA0785FEA80704CD56078C00714D049
:10A8000042F2AC10C2F20000816C09680968C90705
:10A810000BD1C06C00680068C00706D120788007A3
:10A820005CBFA0785FEA807052D5A078C00715D0D1
:10A8300042F2AC10C2F20000816C09680968C907D5
:10A8400018BF10BDC06C00680068C00706D1207832
:10A8500080075CBF60785FEA807001D510BD00BFE3
:10A86000A078102100F0FE00A070A078002240F037
:10A870000200A0700020C4F20200F7F717FC40F2BB
:10A88000080004F11401C2F200000422BDE81040E7
:10A89000FBF720BD2078012100F0FE002070207819
:10A8A000002240F0020004F8340B0020C4F2020041
:10A8B00000F58060F7F7FAFB40F20800C2F20000F2
:10A8C000043021460822BDE81040FBF703BD00BF5D
:10A8D0006078102100F0FE0060706078002240F087
:10A8E000020060700020C4F20200F7F7DFFB40F2C4
:10A8F0000800C2F200000C3004F13C010922BDE85E
:10A900001040FBF7E7BC000042F20421C2F2000154
:10A9100009684863704700007047000080B584B044
:10A92000034641F674404FF0640CCDE90012C2F2C8
:10A9300000001C211A460123CDF808C0F7F774FC6B
:10A9400004B080BD80B584B0024601200DF10F0136
:10A95000CDE9001041F674404FF0640CC2F20000E3
:10A960001C210123CDF808C0F7F75EFC9DF80F000D
:10A9700004B080BD80B584B002468DF80F10012070
:10A980000DF10F01CDE9001041F674404FF0640C59
:10A99000C2F200001C210123CDF808C0F7F770FDBA
:10A9A00004B080BD41F60000C4F202004021012243
:10A9B000F7F77CBB41F60000C4F202004021002200
:10A9C000F7F774BB7047000000F0B8B8B0B5FFF7F8
:10A9D000A3FFFFF7F7FFFFF7EDFF3220FFF7F4FFCC
:10A9E000FFF7E0FF3220FFF7EFFF0020FFF7AAFF9D
:10A9F00010281CBF4020B0BD0120FFF7E5FF0B2051
:10AA00000821FFF7B7FF0120FFF7DEFF0B20FFF75C
:10AA100099FF04460120FFF7D7FF4DF62225082CA9
:10AA2000C0F6000532D141200921FFF7A3FF012024
:10AA3000FFF7CAFF4120FFF785FF04460120FFF71B
:10AA4000C3FF092C24D14220C021FFF793FF01202E
:10AA5000FFF7BAFF4220FFF775FF04460120FFF71A
:10AA6000B3FFC02C18D10A200B21FFF783FF012070
:10AA7000FFF7AAFF0A20FFF765FF04460120FFF752
:10AA8000A3FF0B2C04BF0020B0BD0935A878B0BDD2
:10AA90000335A878B0BD00BF0635A878B0BD00006A
:10AAA00010B582B004460DF1020103200622FFF723
:10AAB00035FFBDF90200BDF90410BDF9062000EE16
:10AAC000100A9FED0D1A02EE101A03EE102AB8EECE
:10AAD000C00AB8EEC22AB8EEC33A20EE010A22EE4E
:10AAE000012A23EE011A84ED000A84ED012A84ED87
:10AAF000021A02B010BD00BF9A99993EF7F7D6FD31
:10AB0000FCF716FBFAF772FEFAF706FEFAF7CCFD31
:10AB1000FAF7E6FDFAF73AFFFAF75AFFFAF782FF7B
:10AB200042F20420C2F200000021F9F7E3FEFAF736
:10AB300017FE00F00BF800BFFEE7000080B501280B
:10AB400098BF012000F0B2FC002080BD80B500F06D
:10AB5000D9FD002080BD0000B0B584B043698E46A9
:10AB600093B1846984B10589D0E9001C026928B2D7
:10AB7000843D18BFC51CCDE900536046734602945E
:10AB800000F05AFF04B0B0BD0589D0E90013028A75
:10AB900028B2843D18BFC51C03AC18467346CDE9E6
:10ABA000005400F019FF0399012818BF002108463E
:10ABB00004B0B0BD28B940F2F810C2F2000000683D
:10ABC00010B13430704700BF4FF0500080F311884F
:10ABD000BFF36F8FBFF34F8FFEE70000F0B581B07A
:10ABE00040F2F814C2F200040D46E7692168002221
:10ABF00081F8522021680646081D00F0E7FA18B1D6
:10AC0000701C0CD016E000BF20680121C06A626889
:10AC100001FA00F022EA00006060701C0AD14DB118
:10AC200054F8500B011D204601B0BDE8F04000F083
:10AC30002FBB00BF2068BD19456007D3606A21683B
:10AC4000043101B0BDE8F04000F0F0BA206A21689C
:10AC5000043100F0EBFAE06A854238BFE56201B0EA
:10AC6000F0BD00002DE9F041044600F029FB40F260
:10AC7000F816C2F20006306942F2942501303061C4
:10AC80003068C2F2000548B17069002840D13068D0
:10AC9000E16AC06A884298BF346039E03460306944
:10ACA000012835D1284600F0B1FA05F1140000F072
:10ACB000ADFA05F1280000F0A9FA05F13C0000F01A
:10ACC000A5FA05F1500000F0A1FA05F1640000F0CA
:10ACD0009DFA05F1780000F099FA40F2A828C2F236
:10ACE0000008404600F092FA08F11407384600F0D8
:10ACF0008DFA06F1640000F089FA06F13C0000F0DC
:10AD000085FA06F1500000F081FAC6F820807762DB
:10AD10007068B16801220131B160E16A8A40104374
:10AD2000706001EB810005EB8000211D00F0B0FA9E
:10AD300000F0EAFA706988B13068E16AC06A884256
:10AD400028BFBDE8F0814EF60450CEF200004FF06F
:10AD500080510160BFF34F8FBFF36F8FBDE8F0816B
:10AD600040F2F81542F294264EF60458C2F200055D
:10AD7000C2F20006CEF200084FF0805703E000BF99
:10AD8000204600F0D9FAE868D0B100F099FAA86C32
:10AD9000C468201D00F01AFA286901382861E868A3
:10ADA0000138E86000F0B0FA94F851000228EAD0C7
:10ADB0000128E5D070B9206B00F0BEFAE0E700BFD3
:10ADC00030680228DFD3C8F80070BFF34F8FBFF39D
:10ADD0006F8FD8E74FF0500080F31188BFF36F8F6B
:10ADE000BFF34F8FFEE700002DE9F0470A9C824633
:10ADF000206B16460F46DDE908599100A5229846BA
:10AE0000F5F7B2FB206B002F00EB8600A0F10400E9
:10AE100020F0070644D0387884F83400D8B3787826
:10AE200084F83500B8B3B87884F8360098B3F87869
:10AE300084F8370078B3387984F8380058B37879D3
:10AE400084F8390038B3B87984F83A0018B3F8793F
:10AE500084F83B00F8B1387A84F83C00D8B1787AAD
:10AE600084F83D00B8B1B87A84F83E0098B1F87A19
:10AE700084F83F0078B1387B84F8400058B1787B83
:10AE800084F8410038B1B87B84F8420000281CBF28
:10AE9000F87B84F84300002084F8430003E000BFFF
:10AEA000002084F834000027201D062D28BF062529
:10AEB000E562C4E9115700F0B5F904F1180000F09B
:10AEC000B1F985F00700A061304651464246246141
:10AED0006462E76484F8507084F8527000F030F9CE
:10AEE000B9F1000F206018BFC9F80040BDE8F08735
:10AEF00008480068006880F308884FF0000080F37D
:10AF0000148862B661B6BFF34F8FBFF36F8F00DF57
:10AF100000BF000008ED00E081B00020009040F28A
:10AF20008810C2F2000000684FF0500181F31188D0
:10AF3000BFF36F8FBFF34F8F013007D0FEE700BF25
:10AF4000009830B9009820B9009810B900980028EE
:10AF5000F6D001B07047000070B5044600F038FC30
:10AF600040F2702CC2F2000CDCF8042012B19CF804
:10AF7000000020E042F22030C2F20000420700F55B
:10AF8000705200F1070122F0070218BF21F00700FC
:10AF90000021A2F10803CCE90601CCF8043042E913
:10AFA0000211DCF80420191AC0E900210120CCE9C3
:10AFB00002118CF800000025002C4FF0000148BF62
:10AFC00001215AD0084058D124F0070000F11003A5
:10AFD000600708BF04F10803DCF80800591E81422D
:10AFE0004BD2604650F818EFDEF804509D422CD248
:10AFF000DEF80010C1B174464D689D4218D20E684B
:10B00000B6B175689D4217D23068A8B145689D42B7
:10B0100016D20468A4B165689D4215D22168A6467F
:10B020000029E9D111E000BF0CF118000DE000BFCC
:10B030008E46204609E000BFB646084605E000BF40
:10B040008646304601E000BFA646964514D0026809
:10B05000DEF80040E91A112904604FD30EEB030516
:10B06000680719D04FF0500080F31188BFF36F8F3D
:10B07000BFF34F8FFEE700BF002501F041FD6807D9
:10B080005CD04FF0500080F31188BFF36F8FBFF397
:10B090004F8F00BFFEE700BF0CF118006960CEF8CB
:10B0A000043000BF0168A9420AD20868A8420BD246
:10B0B0000168A94204D208680B46A842F2D304E012
:10B0C0000346084601E000BF0B465C6869681E192C
:10B0D000AE4202D121441D4659606C18844201D011
:10B0E000044607E0DCF80440A04203D0D0E9004069
:10B0F00008446860AB422C6018BF1D60DEF8040095
:10B10000DCE9021302F10805091A9942CCF808108B
:10B1100038BFCCF80C109CF8001000294FF000014B
:10B1200018BF40F00040CEE90010DCF810000130FC
:10B13000CCF8100001F0E4FC6807A2D1284670BDED
:10B1400003464AF6197021F00101C0F600004FF0E5
:10B15000807C03E903106FF00201A3F1440043E98E
:10B160000912704770B50D46044600F0A9F840F288
:10B17000F816C2F200063068C06C90B93068012140
:10B1800080F850106DB12846FFF728FD4EF60450A8
:10B19000CEF200004FF080510160BFF34F8FBFF33C
:10B1A0006F8F00F0B1F800F08BF83068C56C2DB1EE
:10B1B00031680020002C08BF681EC8643068002178
:10B1C00080F8501000F0A0F8284670BD0169D0E961
:10B1D0000132D1F804C09A608445536008BF4A60C8
:10B1E00000220261086801380860086870470000A2
:10B1F00046F22413C2F20003036045F62470C2F243
:10B200000000086080201060704700004FF0FF31A0
:10B21000024642F8081F00214260C0E90322016093
:10B2200070470000002101617047000010B5D1F89F
:10B2300000C01CF1010213D000F108046268136819
:10B24000634511D853681C68644511D85A6814685E
:10B2500064450FD854682368A6466345EED90BE0D1
:10B260000269D2F804E007E09646224604E000BFF7
:10B270009E4601E096461A46C1F804E0CEF8081052
:10B280008A605160086101680131016010BD0000F1
:10B29000D0F800C0436808619A68C1E90132516082
:10B2A00099600CF10101016070470000DFF80C00AB
:10B2B000016841F4700101607047000088ED00E012
:10B2C0004FF0500080F31188BFF36F8FBFF34F8FA3
:10B2D00040F28810C2F2000001684A1C026009B105
:10B2E000704700BF4EF60450CEF200000068000622
:10B2F00008BF70474FF0500080F31188BFF36F8F85
:10B30000BFF34F8FFEE7000040F28810C2F200004A
:10B31000016839B10139016018BF7047002080F31E
:10B32000118870474FF0500080F31188BFF36F8F82
:10B33000BFF34F8FFEE7000070B5002808BF70BD57
:10B3400040F27024C2F20004217850F8042C002945
:10B3500018BF4FF0004111420ED0A0F108052B6834
:10B36000A3B14FF0500080F31188BFF36F8FBFF38C
:10B370004F8F00BFFEE700BF4FF0500080F31188F1
:10B38000BFF36F8FBFF34F8FFEE700BF22EA0101CB
:10B3900040F8041C064600F01BFA56F8040CA1689D
:10B3A0000144A16004F118010B68AB420AD219688C
:10B3B000A94213D20B68AB4204D219681A46A942BB
:10B3C000F2D301E00A4619465368D618AE420AD0B5
:10B3D0002B188B420DD00B4612E000BF1A46536863
:10B3E000D618AE42F4D11844154650602B188B4243
:10B3F000F1D16368994203D0D1E900310844686013
:10B40000AA422B6018BF1560606901306061BDE819
:10B41000704001F075BB00004EF21000CEF200004B
:10B4200000210160816040F28C01C2F200010968D4
:10B4300044F6D352C1F26202A1FB02124FF0FF3177
:10B4400001EB9211416007210160704740F29020AA
:10B45000EFF305811029C2F2000011D34EF2F03251
:10B46000CEF20002895C0278914209D24FF050007E
:10B4700080F31188BFF36F8FBFF34F8FFEE700BFDC
:10B480004EF60C51CEF200010968406801F4E0610B
:10B49000814298BF70474FF0500080F31188BFF38E
:10B4A0006F8FBFF34F8F00BFFEE7000070B500281D
:10B4B00043D040F2F814C2F20004A16951B14FF038
:10B4C000500080F31188BFF36F8FBFF34F8F00BF21
:10B4D000FEE700BF0546A06900210130A061E669D2
:10B4E000206880F8521020680430FFF76FFE48B1E2
:10B4F0002068AD19456012D3606A21680431FFF7F6
:10B5000095FE15E020680121C06A626801FA00F02A
:10B5100022EA000060602068AD194560ECD2206A24
:10B5200021680431FFF782FEE06A854238BFE56298
:10B5300001F0E6FA002818BF70BD4EF60450CEF2B6
:10B5400000004FF080510160BFF34F8FBFF36F8F4A
:10B5500070BD000070B588B1D1B140F2F814C2F2EC
:10B560000004A269F2B14FF0500080F31188BFF3DC
:10B570006F8FBFF34F8F00BFFEE700BF4FF050004B
:10B5800080F31188BFF36F8FBFF34F8FFEE700BFCB
:10B590004FF0500080F31188BFF36F8FBFF34F8FD0
:10B5A000FEE700BFA2690132A261E26903689A4224
:10B5B000194403D2994203D324E000BF994201D336
:10B5C00091421FD90160E5692068002380F852305C
:10B5D00020688E1A0430FFF7F9FD40B92068012178
:10B5E000C06A626801FA00F022EA00006060206828
:10B5F000AD19456008D3606A21680431FFF716FE73
:10B600000BE000BF016008E0206A21680431FFF709
:10B610000DFEE06A854238BFE56201F071FA00284C
:10B6200018BF70BD4EF60450CEF200004FF08051AE
:10B630000160BFF34F8FBFF36F8F70BD2DE9F041F5
:10B6400020B304460F46FFF701FFEFF311864FF0DA
:10B65000500080F31188BFF36F8FBFF34F8F02212B
:10B6600094F8500084F85010E16C012801F10101B8
:10B67000E16442D1A06A98B14FF0500080F3118884
:10B68000BFF36F8FBFF34F8FFEE700BF4FF0500047
:10B6900080F31188BFF36F8FBFF34F8FFEE700BFBA
:10B6A00040F2F815C2F20005A86928B104F11801AA
:10B6B00005F1640014E000BF04F104084046FFF700
:10B6C00085FDE06A01216A6881401143696042F2A8
:10B6D000942100EB8000C2F2000101EB80004146A2
:10B6E000FFF7D6FDE06A2968C96A884205D9002FAC
:10B6F0001CBF012038600120286386F31188BDE853
:10B70000F0810000B0B588B00020CDE9050006A8A2
:10B7100005A904AAFFF76CFD0598B8B3069C002C98
:10B720003ED05421049A07910799542942D1079990
:10B730002063022084F8510007A80025CDE90050BD
:10B740004AF66150C0F600001FA100230294FFF7E3
:10B750004BFB2046FFF786FA079940F2F810C2F239
:10B760000000816279B14FF0500181F31188BFF37D
:10B770006F8FBFF34F8F4FF0FF31C16201214161E5
:10B78000C56100F065F808B0B0BD00BF4FF05000D3
:10B7900080F31188BFF36F8FBFF34F8FFEE700BFB9
:10B7A0004FF0500080F31188BFF36F8FBFF34F8FBE
:10B7B000FEE700BF4FF0500080F31188BFF36F8F9A
:10B7C000BFF34F8FFEE700BF49444C450000000027
:10B7D00040F2F810C2F200008169013181617047C6
:10B7E00040F2F810C2F20000816900291EBF012159
:10B7F00001637047002101634168B1FA81F1C9B268
:10B80000C1F11F0142F2942201EB8101C2F2000258
:10B8100052F8213063B102EB8102516802F1080352
:10B820004968994251600DD0C9680160704700BFF6
:10B830004FF0500080F31188BFF36F8FBFF34F8F2D
:10B84000FEE700BF49685160C968016070470000A9
:10B85000B0B584B04EF2004CCEF2000C4CF2702128
:10B86000C4F20F11DCF800294B1C9A420AD14FF0A8
:10B87000500080F31188BFF36F8FBFF34F8F00BF6D
:10B88000FEE700BFDCF800298A4209D14FF05000E2
:10B8900080F31188BFF36F8FBFF34F8FFEE700BFB8
:10B8A0009CF800100291FF218CF800109CF8001009
:10B8B0008DF807109DF8071001F0500240F290211A
:10B8C000C2F200010A7007224A609DF90720B2F116
:10B8D000FF3F6BDC032200BFD31C4B609DF80700C9
:10B8E00040008DF807009DF90700B0F1FF3F24DC10
:10B8F000931C4B609DF8070040008DF807009DF9F0
:10B900000700B0F1FF3F18DC531C4B609DF80700A7
:10B9100040008DF807009DF90700B0F1FF3F0CDCF7
:10B920004A609DF80700043A40008DF807009DF931
:10B930000700B0F1FF3FCFDD131D032B36D14FF4CD
:10B940004070486002988CF80000DCF8200940F450
:10B950007000CCF82009DCF8200940F07040CCF8E9
:10B960002009FFF759FD40F28814C2F200040025B7
:10B970002560FFF79BFC4EF63470CEF200000168A4
:10B9800041F040410160FFF7B3FAFFF729FF03954B
:10B9900020684FF0500181F31188BFF36F8FBFF320
:10B9A0004F8F013012D000BFFEE700BF4FF05000B4
:10B9B00080F31188BFF36F8FBFF34F8FFEE700BF97
:10B9C000039830B9039820B9039810B90398002858
:10B9D000F6D0002004B0B0BD2DE9F04184B0074698
:10B9E0009000984615460E46FFF7B6FAF8B10446A1
:10B9F0005420FFF7B1FAB8B1DDE90A21002304634E
:10BA000080F85130CDE900210446384631462A46B7
:10BA100043460294FFF7E8F92046FFF723F9012097
:10BA200004B0BDE8F08100BF2046FFF785FC4FF071
:10BA3000FF3004B0BDE8F08170B586B00B9CCCB18E
:10BA40000C9E0EB354250495049D542D26D1049DBF
:10BA5000DDF828C0022586F8515005AD3463CDE9E4
:10BA600000C50296FFF7C0F93046FFF7FBF80598CE
:10BA700006B070BD4FF0500080F31188BFF36F8F98
:10BA8000BFF34F8FFEE700BF4FF0500080F31188E7
:10BA9000BFF36F8FBFF34F8FFEE700BF4FF0500033
:10BAA00080F31188BFF36F8FBFF34F8FFEE7000065
:10BAB0002DE9F04381B08146F4F737FD102809D312
:10BAC0004FF0500080F31188BFF36F8FBFF34F8F9B
:10BAD000FEE700BF40F2F81CC2F2000CDCF81800D0
:10BAE00042F294280130CCF81800C2F20008D8F8CD
:10BAF0007800002800F0A780D8F87C1008F18003B7
:10BB00004A68D8F884009A4208BF0246D16800BF4C
:10BB100052689A4208BF0246C8F87C20D56899F856
:10BB2000006095F83470B74240F08680002F2C46B4
:10BB300000F0838095F8357099F80160B7427BD1A9
:10BB4000002F2C4679D095F8367099F80260B742EC
:10BB500072D1002F2C4670D095F8377099F8036099
:10BB6000B74269D1002F2C4667D095F8387099F804
:10BB70000460B74260D1002F2C465ED095F8397032
:10BB800099F80560B74257D1002F2C4655D095F84B
:10BB90003A7099F80660B7424ED1002F2C464CD02F
:10BBA00095F83B7099F80760B74245D1002F2C46B5
:10BBB00043D095F83C7099F80860B7423CD12C46C8
:10BBC000DFB395F83D7099F80960B74234D12C463F
:10BBD0009FB395F83E7099F80A60B7422CD12C4675
:10BBE0005FB395F83F7099F80B60B74224D12C46AB
:10BBF0001FB395F8407099F80C60B7421CD12C46E1
:10BC0000DFB195F8417099F80D60B74214D12C4618
:10BC10009FB195F8427099F80E60B7420CD12C464E
:10BC20005FB195F8437099F80F60B74204D12C4684
:10BC3000002F18BF002400E00024002C40F0BF8635
:10BC40008D427FF465AFD8F86400002800F0A7802B
:10BC5000D8F8681008F16C034A68D8F870009A4266
:10BC600008BF0246D16800BF52689A4208BF024628
:10BC7000C8F86820D76899F8005097F83460AE4249
:10BC800040F08680002E3C4600F0838097F83560B7
:10BC900099F80150AE427BD1002E3C4679D097F8FE
:10BCA000366099F80250AE4272D1002E3C4670D0F8
:10BCB00097F8376099F80350AE4269D1002E3C46A0
:10BCC00067D097F8386099F80450AE4260D1002EE2
:10BCD0003C465ED097F8396099F80550AE4257D18E
:10BCE000002E3C4655D097F83A6099F80650AE427F
:10BCF0004ED1002E3C464CD097F83B6099F8075047
:10BD0000AE4245D1002E3C4643D097F83C6099F8AE
:10BD10000850AE423CD13C46DEB397F83D6099F8FE
:10BD20000950AE4234D13C469EB397F83E6099F834
:10BD30000A50AE422CD13C465EB397F83F6099F86A
:10BD40000B50AE4224D13C461EB397F8406099F8A0
:10BD50000C50AE421CD13C46DEB197F8416099F8D8
:10BD60000D50AE4214D13C469EB197F8426099F80E
:10BD70000E50AE420CD13C465EB197F8436099F844
:10BD80000F50AE4204D13C46002E18BF002400E004
:10BD90000024002C40F013868F427FF465AFD8F862
:10BDA0005000002800F0A780D8F8541008F158037C
:10BDB0004A68D8F85C009A4208BF0246D16800BFC2
:10BDC00052689A4208BF0246C8F85420D66899F8CB
:10BDD000005096F83470AF4240F08680002F344611
:10BDE00000F0838096F8357099F80150AF427BD10E
:10BDF000002F344679D096F8367099F80250AF4249
:10BE000072D1002F344670D096F8377099F80350ED
:10BE1000AF4269D1002F344667D096F8387099F850
:10BE20000450AF4260D1002F34465ED096F839708E
:10BE300099F80550AF4257D1002F344655D096F8A7
:10BE40003A7099F80650AF424ED1002F34464CD08C
:10BE500096F83B7099F80750AF4245D1002F344611
:10BE600043D096F83C7099F80850AF423CD1344624
:10BE7000DFB396F83D7099F80950AF4234D134469B
:10BE80009FB396F83E7099F80A50AF422CD13446D1
:10BE90005FB396F83F7099F80B50AF4224D1344607
:10BEA0001FB396F8407099F80C50AF421CD134463D
:10BEB000DFB196F8417099F80D50AF4214D1344675
:10BEC0009FB196F8427099F80E50AF420CD13446AB
:10BED0005FB196F8437099F80F50AF4204D13446E1
:10BEE000002F18BF002400E00024002C40F06785DC
:10BEF0008E427FF465AFD8F83C00002800F0A780A0
:10BF0000D8F8401008F144034A68D8F848009A422B
:10BF100008BF0246D16800BF52689A4208BF024675
:10BF2000C8F84020D76899F8005097F83460AE42BE
:10BF300040F08680002E3C4600F0838097F8356004
:10BF400099F80150AE427BD1002E3C4679D097F84B
:10BF5000366099F80250AE4272D1002E3C4670D045
:10BF600097F8376099F80350AE4269D1002E3C46ED
:10BF700067D097F8386099F80450AE4260D1002E2F
:10BF80003C465ED097F8396099F80550AE4257D1DB
:10BF9000002E3C4655D097F83A6099F80650AE42CC
:10BFA0004ED1002E3C464CD097F83B6099F8075094
:10BFB000AE4245D1002E3C4643D097F83C6099F8FC
:10BFC0000850AE423CD13C46DEB397F83D6099F84C
:10BFD0000950AE4234D13C469EB397F83E6099F882
:10BFE0000A50AE422CD13C465EB397F83F6099F8B8
:10BFF0000B50AE4224D13C461EB397F8406099F8EE
:10C000000C50AE421CD13C46DEB197F8416099F825
:10C010000D50AE4214D13C469EB197F8426099F85B
:10C020000E50AE420CD13C465EB197F8436099F891
:10C030000F50AE4204D13C46002E18BF002400E051
:10C040000024002C40F0BB848F427FF465AFD8F809
:10C050002800002800F0A780D8F82C1008F1300341
:10C060004A68D8F834009A4208BF0246D16800BF37
:10C0700052689A4208BF0246C8F82C20D76899F83F
:10C08000005097F83460AE4240F08680002E3C4667
:10C0900000F0838097F8356099F80150AE427BD16B
:10C0A000002E3C4679D097F8366099F80250AE429F
:10C0B00072D1002E3C4670D097F8376099F8035043
:10C0C000AE4269D1002E3C4667D097F8386099F8A7
:10C0D0000450AE4260D1002E3C465ED097F83960E5
:10C0E00099F80550AE4257D1002E3C4655D097F8EE
:10C0F0003A6099F80650AE424ED1002E3C464CD0E4
:10C1000097F83B6099F80750AE4245D1002E3C4667
:10C1100043D097F83C6099F80850AE423CD13C4679
:10C12000DEB397F83D6099F80950AE4234D13C46F1
:10C130009EB397F83E6099F80A50AE422CD13C4627
:10C140005EB397F83F6099F80B50AE4224D13C465D
:10C150001EB397F8406099F80C50AE421CD13C4693
:10C16000DEB197F8416099F80D50AE4214D13C46CB
:10C170009EB197F8426099F80E50AE420CD13C4601
:10C180005EB197F8436099F80F50AE4204D13C4637
:10C19000002E18BF002400E00024002C40F00F8483
:10C1A0008F427FF465AFD8F81400002800F0A78014
:10C1B000D8F8181008F11C034A68D8F820009A42F1
:10C1C00008BF0246D16800BF52689A4208BF0246C3
:10C1D000C8F81820D76899F8005097F83460AE4234
:10C1E00040F08680002E3C4600F0838097F8356052
:10C1F00099F80150AE427BD1002E3C4679D097F899
:10C20000366099F80250AE4272D1002E3C4670D092
:10C2100097F8376099F80350AE4269D1002E3C463A
:10C2200067D097F8386099F80450AE4260D1002E7C
:10C230003C465ED097F8396099F80550AE4257D128
:10C24000002E3C4655D097F83A6099F80650AE4219
:10C250004ED1002E3C464CD097F83B6099F80750E1
:10C26000AE4245D1002E3C4643D097F83C6099F849
:10C270000850AE423CD13C46DEB397F83D6099F899
:10C280000950AE4234D13C469EB397F83E6099F8CF
:10C290000A50AE422CD13C465EB397F83F6099F805
:10C2A0000B50AE4224D13C461EB397F8406099F83B
:10C2B0000C50AE421CD13C46DEB197F8416099F873
:10C2C0000D50AE4214D13C469EB197F8426099F8A9
:10C2D0000E50AE420CD13C465EB197F8436099F8DF
:10C2E0000F50AE4204D13C46002E18BF002400E09F
:10C2F0000024002C40F063838F427FF465AFD8F8B0
:10C300000000002800F0B180D8F8040008F108030C
:10C310004068D8F80C20984208BF1046D0F80CE0CE
:10C320004068984208BF1046C168C8F8040091F8F8
:10C33000344099F80050AC4240F09080002C0C46FC
:10C3400000F08D8091F8354099F80150AC4240F0F2
:10C350008580002C0C4600F0828091F8364099F8D8
:10C360000250AC427AD1002C0C4678D091F837407C
:10C3700099F80350AC4271D1002C0C466FD091F863
:10C38000384099F80450AC4268D1002C0C4666D075
:10C3900091F8394099F80550AC425FD1002C0C4619
:10C3A0005DD091F83A4099F80650AC4256D1002C35
:10C3B0000C4654D091F83B4099F80750AC424DD10F
:10C3C000002C0C464BD091F83C4099F80850AC42F8
:10C3D00044D1002C0C4642D091F83D4099F80950C8
:10C3E000AC423BD1002C0C4639D091F83E4099F834
:10C3F0000A50AC4232D1002C0C4630D091F83F406C
:10C4000099F80B50AC4229D1002C0C4627D091F85A
:10C41000404099F80C50AC4220D1002C0C461ED064
:10C4200091F8414099F80D50AC4217D1002C0C46C0
:10C4300015D091F8424099F80E50AC420ED1002C24
:10C440000C460CD091F8434099F80F50AC4205D1FE
:10C45000002C0C4618BF002401E000BF0024002C73
:10C4600040F0AD8271457FF45BAFDCF820100868C6
:10C47000002800F0A480486801F1080342689A424D
:10C4800008BF5268D06800BF52689A424A6001D122
:10C4900052684A60D76899F8005097F83460AE4205
:10C4A00040F08680002E3C4600F0838097F835608F
:10C4B00099F80150AE427BD1002E3C4679D097F8D6
:10C4C000366099F80250AE4272D1002E3C4670D0D0
:10C4D00097F8376099F80350AE4269D1002E3C4678
:10C4E00067D097F8386099F80450AE4260D1002EBA
:10C4F0003C465ED097F8396099F80550AE4257D166
:10C50000002E3C4655D097F83A6099F80650AE4256
:10C510004ED1002E3C464CD097F83B6099F807501E
:10C52000AE4245D1002E3C4643D097F83C6099F886
:10C530000850AE423CD13C46DEB397F83D6099F8D6
:10C540000950AE4234D13C469EB397F83E6099F80C
:10C550000A50AE422CD13C465EB397F83F6099F842
:10C560000B50AE4224D13C461EB397F8406099F878
:10C570000C50AE421CD13C46DEB197F8416099F8B0
:10C580000D50AE4214D13C469EB197F8426099F8E6
:10C590000E50AE420CD13C465EB197F8436099F81C
:10C5A0000F50AE4204D13C46002E18BF002400E0DC
:10C5B0000024002C40F0038287427FF465AFDCF852
:10C5C00024100868002800F0A480486801F10803DE
:10C5D00042689A4208BF5268D06800BF52689A42C7
:10C5E0004A6001D152684A60D76899F8005097F8BC
:10C5F0003460AE4240F08680002E3C4600F08380DE
:10C6000097F8356099F80150AE427BD1002E3C4638
:10C6100079D097F8366099F80250AE4272D1002E68
:10C620003C4670D097F8376099F80350AE4269D114
:10C63000002E3C4667D097F8386099F80450AE4217
:10C6400060D1002E3C465ED097F8396099F80550CD
:10C65000AE4257D1002E3C4655D097F83A6099F833
:10C660000650AE424ED1002E3C464CD097F83B606F
:10C6700099F80750AE4245D1002E3C4643D097F87A
:10C680003C6099F80850AE423CD13C46DEB397F886
:10C690003D6099F80950AE4234D13C469EB397F8BC
:10C6A0003E6099F80A50AE422CD13C465EB397F8F2
:10C6B0003F6099F80B50AE4224D13C461EB397F828
:10C6C000406099F80C50AE421CD13C46DEB197F860
:10C6D000416099F80D50AE4214D13C469EB197F896
:10C6E000426099F80E50AE420CD13C465EB197F8CC
:10C6F000436099F80F50AE4204D13C46002E18BF5B
:10C70000002400E00024002C40F0598187427FF48F
:10C7100065AFDCF85000002800F0A780DCF854106A
:10C720000CF158024968DCF85C00914208BF0146F0
:10C73000CB684968914208BF0146CCF85410CF68D5
:10C7400099F8005097F83460AE4240F08780002E90
:10C750003C4600F0848097F8356099F80150AE426D
:10C760007CD1002E3C467AD097F8366099F802507A
:10C77000AE4273D1002E3C4671D097F8376099F8DD
:10C780000350AE426AD1002E3C4668D097F838601C
:10C7900099F80450AE4261D1002E3C465FD097F824
:10C7A000396099F80550AE4258D1002E3C4656D01B
:10C7B00097F83A6099F80650AE424FD1002E3C46A9
:10C7C0004DD097F83B6099F80750AE4246D1002E05
:10C7D0003C4644D097F83C6099F80850AE423DD1B1
:10C7E0003C46E6B397F83D6099F80950AE4235D122
:10C7F0003C46A6B397F83E6099F80A50AE422DD158
:10C800003C4666B397F83F6099F80B50AE4225D18D
:10C810003C4626B397F8406099F80C50AE421DD1C3
:10C820003C46E6B197F8416099F80D50AE4215D1FB
:10C830003C46A6B197F8426099F80E50AE420DD131
:10C840003C4666B197F8436099F80F50AE4205D167
:10C850003C46002E18BF002401E000BF0024002C3D
:10C8600040F0AD809F427FF464AFDCF83C000024D0
:10C87000002800F0A480DCF840100CF14402496864
:10C88000DCF84800914208BF0146CB6849689142F4
:10C8900008BF0146CCF84010CF6899F8005097F8CF
:10C8A0003460AE4240F08680002E3C4600F083802B
:10C8B00097F8356099F80150AE427BD1002E3C4686
:10C8C00079D097F8366099F80250AE4272D1002EB6
:10C8D0003C4670D097F8376099F80350AE4269D162
:10C8E000002E3C4667D097F8386099F80450AE4265
:10C8F00060D1002E3C465ED097F8396099F805501B
:10C90000AE4257D1002E3C4655D097F83A6099F880
:10C910000650AE424ED1002E3C464CD097F83B60BC
:10C9200099F80750AE4245D1002E3C4643D097F8C7
:10C930003C6099F80850AE423CD13C46DEB397F8D3
:10C940003D6099F80950AE4234D13C469EB397F809
:10C950003E6099F80A50AE422CD13C465EB397F83F
:10C960003F6099F80B50AE4224D13C461EB397F875
:10C97000406099F80C50AE421CD13C46DEB197F8AD
:10C98000416099F80D50AE4214D13C469EB197F8E3
:10C99000426099F80E50AE420CD13C465EB197F819
:10C9A000436099F80F50AE4204D10024002E08BF16
:10C9B0003C4600E0002414B99F427FF467AF00F0CA
:10C9C0009FF8204601B0BDE8F083000040F2F81067
:10C9D000C2F20000416900290FBF01208069B0FA4E
:10C9E00080F0400918BF40007047000040F2F81086
:10C9F000C2F20000C06970472DE9F04740F2F81616
:10CA0000C2F20006B06928B1706B0130706300207B
:10CA1000BDE8F087F06910F1010AC6F81CA020D328
:10CA2000306A006850B14FF0500080F31188BFF3B6
:10CA30006F8FBFF34F8F00BFFEE700BF306A716A90
:10CA400031627062B06B0130B063306A006828B147
:10CA5000306AC068C068406802E000BF4FF0FF3035
:10CA6000F062F06A42F294288245C2F2000801D2D4
:10CA7000002434E0306A0024006868B34FF00109F4
:10CA800016E000BFF86A716809FA00F2114300EB82
:10CA90008000716008EB80002946FEF7F9FBF86A18
:10CAA0003168C96A326A8842106828BF4C4698B11A
:10CAB000306AC068C7683D4655F8040F82450DD3FB
:10CAC0002846FEF783FBB86A0028DBD007F1180080
:10CAD000FEF77CFBD6E700BF4FF0FF30F062306816
:10CAE000C06A00EB800058F82000012888BF0124AC
:10CAF000306B002818BF01242046BDE8F0870000F5
:10CB00002DE9F04140F2F815C2F20005A86968B1BC
:10CB1000FEF7D6FBA8690138A861A86980B1002496
:10CB2000FEF7F2FB2046BDE8F08100BF4FF0500059
:10CB300080F31188BFF36F8FBFF34F8FFEE700BF05
:10CB400028690028EBD0686E78B342F29428012659
:10CB5000C2F20008286FC76807F11800FEF736FB1D
:10CB60003C1D2046FEF732FBF86A696806FA00F2BF
:10CB7000114300EB8000696008EB80002146FEF75E
:10CB800087FBF86A2968C96A884228BF2E63686EE5
:10CB90000028DFD1286A006820B1286AC068C06810
:10CBA000406801E04FF0FF30E8626C6B4CB1012649
:10CBB000FFF722FF002818BF2E63013CF8D10020A8
:10CBC0006863286B0028AAD04EF60450CEF200000D
:10CBD0004FF080510160BFF34F8F0124BFF36F8F7F
:10CBE000FEF792FB2046BDE8F0815FEA400C08BFEB
:10CBF00091F0000F4FEA8C234FEAC12243EA5151D2
:10CC00004FEA1C5018BF00F5F0404FEA300018BF43
:10CC100041F000415FEA6C5C00F02980BCF1FF3F0D
:10CC200008BF40F080407047130C06BF12044FF05D
:10CC3000100C4FF0000C130E04BF12020CF1080C84
:10CC4000130F04BF12010CF1040C930F04BF9200E8
:10CC50000CF1020CD30F04BF52000CF1010C114671
:10CC60004FF00002A0F11F00A0EB0C00704711F084
:10CC7000004F08BF704731F000413FF4D5AF0B0CB7
:10CC800006BF09044FF0100C4FF0000C0B0E04BF50
:10CC900009020CF1080C0B0F04BF09010CF1040C84
:10CCA0008B0F04BF89000CF1020CCB0F04BF4900AD
:10CCB0000CF1010CCCF1200322FA03F341EA030149
:10CCC00002FA0CF2A0EB0C0000F10100704700002A
:10CCD00023F07F4720F07F4C80EA030000F0004003
:10CCE000ACEB070303F57C5303F1FF032DE9804907
:10CCF00009B44FEA144324EA03484FEA154B25EAE6
:10CD00000B4E0FF2042606EB13273E7803FB066753
:10CD1000C7F5000707FB06F64FEAD64606F10206FE
:10CD20004FEA543707FB066CCCF1005C4FEA1C4716
:10CD30002CEA074C0CFB06F507FB06F404EB154642
:10CD40004FEA961649085FEA320234BF00204FF0DE
:10CD500000404FEAD13706FB07FC4FEA1C4C0CFBA6
:10CD60000BF7D21B03FB0CF761EB07010CFB0EF773
:10CD7000B0EB074072EB17420CFB08F734BFA2EB95
:10CD80000742B2EB074261EB17414FEA0C444FEA0E
:10CD9000910706FB07FC4FEA1C4C0CFB0BF7B0EBB2
:10CDA000C74072EB573203FB0CF734BFA2EBC7420C
:10CDB000B2EBC74261EB57310CFB0EF7B0EBC7008B
:10CDC00072EB57720CFB08F734BFA2EBC702B2EB51
:10CDD000C70261EB57714FEA816141EA92114FEA54
:10CDE000826242EA90124FEA806004EBCC04039F17
:10CDF0004FEAD13706FB07FC4FEA1C4C0CFB0BF744
:10CE0000D21B03FB0CF761EB07010CFB0EF7B0EB39
:10CE1000074072EB17420CFB08F734BFA2EB074246
:10CE2000B2EB074261EB17414FEA8C5504EB9C24AF
:10CE30004FEA910706FB07FC4FEA1C4C0CFB0BF773
:10CE4000B0EBC74072EB573203FB0CF734BFA2EBD9
:10CE5000C742B2EBC74261EB57310CFB0EF7B0EBA8
:10CE6000C70072EB57720CFB08F734BFA2EBC70286
:10CE7000B2EBC70261EB57714FEA816141EA92114F
:10CE80004FEA826242EA90124FEA806015EB4C252D
:10CE900044F100044FEAD13706FB07FC4FEA1C4C73
:10CEA0000CFB0BF7D21B03FB0CF761EB07010CFB30
:10CEB0000EF7B0EB074072EB17420CFB08F734BFDC
:10CEC000A2EB0742B2EB074261EB17414FEA813117
:10CED00041EA92414FEA823242EA90424FEA803080
:10CEE0004FEA0C7615EB1C1544F1000448EA0343A5
:10CEF0004EEA0B484FF0000EB2EB080C71EB030743
:10CF000024BF624639464EEB0E0E4FF0000B001860
:10CF1000524149414BEB0B0BB2EB080C71EB030791
:10CF20007BF1000B24BF624639464EEB0E0E4FF0EC
:10CF3000000B0018524149414BEB0B0BB2EB080CB4
:10CF400071EB03077BF1000B24BF624639464EEBC1
:10CF50000E0E51EA020718BF46F0010616EB0E76D8
:10CF600055F1000254F1000103D5BDE88901BDE887
:10CF70000088BDE88901BDE80048B619524141EB7F
:10CF80000101A3F10103704780807F7E7D7C7B7A65
:10CF90007978777676757473727171706F6E6E6D65
:10CFA0006C6C6B6A6A69686867666665646463630B
:10CFB00062616160605F5F5E5E5D5D5C5C5B5B5A91
:10CFC0005A595958585757565655555554545353FE
:10CFD00052525251515050504F4F4F4E4E4D4D4D59
:10CFE0004C4C4C4B4B4B4A4A4A49494948484847A4
:10CFF00047474746464645454544444444434343E2
:10D0000043424242424141419C46002B30D477008A
:10D010002BD04FEA37071CB503B44FF010004FF088
:10D020001001BAF1000F06D0BCF1000FDCBF40F0D8
:10D03000080040F008014FF000000FBCBDE81040B0
:10D040000BF1010BBBF1010F08BF5FEA170722BF0D
:10D0500012F1010211F101014FF0004143F100030F
:10D0600000F0004043EA00007047F9D35708D0E7CA
:10D0700046EA06464FEA164613F1400F1FDD13F14C
:10D08000200FDFBF16430A46002120335B42BED08B
:10D09000C3F1200746EA06464FEA164602FA07F7AA
:10D0A00046EA070622FA03F2C3F1200701FA07F75E
:10D0B00042EA070221FA03F14FF00003A7E746EA2C
:10D0C000020646EA06464FEA164646EA0106BCBF95
:10D0D00046EA0646360C4FF000034FF000024FF0D0
:10D0E000000194E72DE9804C70B49A46934691E88C
:10D0F000380007C831EA400C48BF34EA430C03D576
:10D10000FFF7E6FDFFF780FFF0BCBDE8008C2DE9DE
:10D11000804C70B49A46934691E8380007C810F0E6
:10D12000804F08BF13F0804F03D100F005F8FFF7E0
:10D130006BFFF0BCBDE8008C20F07F4723F07F4CF4
:10D1400080EA030000F0004007EB0C03A3F57C53DA
:10D15000A3F1FE0392F0000F00F0B38095F0000FF2
:10D1600000F077802DE901494FEA114021EA00489B
:10D170004FEA144624EA064700FB06FC08FB06F6C5
:10D1800007FB08F818EB06484CEB164C00FB07F7BA
:10D1900018EB07484CEB17404FEA124B22EA0B4EB4
:10D1A0004FEA154625EA06470BFB06FC0EFB06F682
:10D1B00007FB0EFE1EEB064E4CEB164C0BFB07F767
:10D1C0001EEB074E4CEB174B18EB0B0840F1000021
:10D1D00018EB0E0B58EB000840F100008F1A4FF0CF
:10D1E00000014FF000063CBFC943661B14BFB5EBFE
:10D1F000040C00213CBFC943F61B4FEA174427EA41
:10D2000004454FEA1C472CEA074C04FB076205FB68
:10D2100007F70CFB05F616EB074642EB174204FB3B
:10D220000CFC16EB0C4642EB1C421BEB060658EBC3
:10D23000020241414EEA8E0E46EA9E0601D5BDE845
:10D240000189B619524141EB0101A3F10103BDE887
:10D2500001894FEA144524EA05464FEA114721EABD
:10D26000074C05FB07F406FB07F70CFB06F111EB77
:10D27000074144EB174405FB0CFC11EB0C4144EB5C
:10D280001C444FEA124722EA074C05FB07F206FB53
:10D2900007F70CFB06F616EB074642EB174205FBB9
:10D2A0000CFC16EB0C4642EB1C456A1854F10001CD
:10D2B00048BF7047B619524141EB0101A3F1010388
:10D2C000704795F0000F37D04FEA114221EA02462D
:10D2D0004FEA144724EA074C02FB07F106FB07F765
:10D2E0000CFB06F414EB074441EB174102FB0CFC6A
:10D2F00014EB0C4441EB1C414FEA154725EA074C5F
:10D3000002FB07F506FB07F70CFB06F616EB0746D4
:10D3100045EB174502FB0CFC16EB0C4645EB1C429B
:10D32000121951F1000148BF7047B619524141EB43
:10D330000101A3F1010370474FEA144524EA0546B1
:10D340004FEA114721EA074C05FB07F106FB07F7F7
:10D350000CFB06F212EB074241EB174105FB0CFCFC
:10D3600012EB0C4251EB1C414FF0000648BF7047D6
:10D37000921841EB0101A3F10103704703B4019836
:10D380004100009850EAC12018BF04204A0D18BF80
:10D3900040F0010040F2FF72B2EB515F08BF40F075
:10D3A0000200012808BF052002B0704741000802B2
:10D3B00018BF04200A0E18BF40F001004FF07F4252
:10D3C00032EA010108BF40F00200012808BF052031
:10D3D0007047000010B54FF00E402DED028BB0EEFF
:10D3E000408A18EE104A00EB4400B0F1506F4AD862
:10D3F0004FF0FC40B0EB440F22D2B0EEC80AF7EE7B
:10D40000000A30EEC00AF6EE000A60EE208A18EE3E
:10D41000900A00F0E8F901EE100A14F0004F1DBF69
:10D42000DFED2D0A9FED2D0AB1EE411ADFED2C0A3A
:10D4300008BF9FED2C0AF8EE001A21EE218A05E0C4
:10D44000DFED290A68EE088AB0EE600A9FED271A20
:10D45000DFED271A30EE080A48EE811A9FED251AF3
:10D4600008EEA11ADFED241A48EE811A9FED231A67
:10D4700008EEA11A68EE281ABDEC028B01EE810AB3
:10D4800030EE200A10BD4FF0E440B0EB440F0CD951
:10D4900018EE100AFFF78AFF042808BF00F094F97D
:10D4A000B0EE480ABDEC028B10BD4FF07F40B0EBF0
:10D4B000440F07D2B0EE480ABDEC028BBDE8104025
:10D4C00000F074B90120F3F786F8BDEC028BBDE8DB
:10D4D000104000F071B900000000C9BF22AAFDB9D8
:10D4E0000000C93F22AAFD390000000024FE1C3DB7
:10D4F000C78AD83C1E67383D1B93993DAFAA2A3E88
:10D5000070B54FF068422DED048BF0EE408A18EEB6
:10D51000900AB0EE608A18EE101A02EB4003B3F1E5
:10D52000654F3CBF02EB4102B2F1654F7DD200BFB7
:10D53000C0F3C753C1F3C7529A1A1B2A09DD10F072
:10D54000004F14BF9FED830A9FED830ABDEC048B4F
:10D5500070BD12F11A0F36DA11F0004F09D010F039
:10D56000004F0CBF9FED7D0A9FED7D0ABDEC048B43
:10D5700070BD88EE889A19EE100AFFF717FF04288D
:10D5800008BF00F021F918EE900AFFF70FFF0546DB
:10D5900018EE100AFFF70AFF044619EE100AFFF70B
:10D5A00005FF042D18BF052D08D1042C18BF052C2C
:10D5B00004D1002804BF0220F3F70DF8B0EE490AA9
:10D5C000BDEC048B70BD4200B2EB410F3AD910F0B4
:10D5D000004F19BFDFED630A9FED630ADFED630AB9
:10D5E0009FED630AB0EE481A0A46B1EE688A80F0F1
:10D5F0000041F0EE418A10460A1A5200B2F1807FD3
:10D6000034D2484010F0004FDFED5A1A9FED5A2AED
:10D610001DBFBEEE001A70EEE10A30EE420AB6EE11
:10D62000001A08BF70EEA10A00E040E008BF30EE2B
:10D63000020AB0EE682A01EE482A08EE818AC2EE9C
:10D64000081A15E011F0004F04BF9FED4C0AF0EEF0
:10D65000400AD1D010F0004F19BFDFED490A9FED0D
:10D66000490ADFED490A9FED490AC5E7C8EE881A65
:10D6700021EEA11A9FED462ADFED462A41EE022A4D
:10D680009FED452A01EE222ADFED442A41EE022ACF
:10D690009FED432ABDEC048B01EE222A21EE811A74
:10D6A00001EE020A30EE210A30EE200A70BD4FF082
:10D6B0007F42B2EB400F28BFB2EB410F09D2F0EE30
:10D6C000480AB0EE680ABDEC048BBDE8704000F07B
:10D6D00070B840EA01035B0008BF41F0FF410BD086
:10D6E000B2EB400F08BFB2EB410F08D120F08040F1
:10D6F00008EE900A21F0804108EE101A18E7B2EB0C
:10D70000400F12BF5FEA410340F0FF4001F00041CB
:10D710003FF40EAFB2EB410F12BF5FEA400200F0E0
:10D72000004041F0FF413FF403AF4A0092EA40035A
:10D730003FF5FEAE002AACBF9FED1A0A9FED1A0A14
:10D7400068EE808A28EE008A18EE900A18EE101A09
:10D75000EEE60000DB0FC9BFDB0FC93FDB0F49401E
:10D76000DB0F49C00000C9BF22AAFDB90000C93FB4
:10D7700022AAFD390060ED3EC30ACE37000000004A
:10D78000000049C022AA7DBA0000494022AA7D3A81
:10D790002DAD65BD8FB8D53D0FB511BE61C84C3EEE
:10D7A000A8AAAABE0000804F0000802F30EE000A19
:10D7B000704730EE200A7047DFED020A80EEA00AC3
:10D7C00070470000000000009FED020A20EE000AF2
:10D7D000704700000000001030380A2801D20120F4
:10D7E00070470020704710B500EE100A2DED028B37
:10D7F000B1EEC08A18EE100A20F00040C0F1FF40E0
:10D80000C00F0AD010EE100A20F00040C0F1FF4017
:10D81000C00F04BF0120F2F7DEFE18EE100ABDECC7
:10D82000028B10BD10B500290AD00878002807D057
:10D8300005487844F3F738FA002801D0002010BDDD
:10D840000248784410BD0000520200004A02000065
:10D850000808A0F500114FEA3101704743004FEA74
:10D86000D30C4FEA3C0C43401FBF40070CF1605102
:10D8700013F0FE4F70471CF0006F03D10CF0004115
:10D88000002070470CF0004343EA507040EACC009F
:10D8900010B500F00EF800BF000000924FEA000142
:10D8A000FFF7D6BF4FF00041A1F500214FF0000077
:10D8B00070470EF1020E2EF0030E5EF8044B244268
:10D8C00004D44FEA4102B2F17F4F11D84FEA40032E
:10D8D000B3F17F4F0CD80ED14FEAD07C0CEB4C0C3F
:10D8E0000CF1020CB2F17F4F08BF4CEBD17C04E08D
:10D8F0004FF0080C01E04FEAD17C0CEB4C0324FA0A
:10D9000003F404F00704B4F1040C06D20EEB840C0B
:10D91000BDE810404CF0010C6047DFE80CF0070850
:10D9200002024FF00040A0F5800010BD0846420002
:10D9300018BFD2F1807288BF00F0004010BDF1EE38
:10D94000100A4FF6FF71C0F2C03120EA010040F02A
:10D950004070E1EE100A7047F2F71BBF0240000072
:10D96000000000A00000000005400000000000C80A
:10D97000000000000C4000000000409C000000007F
:10D98000194000000020BCBE000000003440000030
:10D99000BFC91B8E00000004B5400000504BCFD023
:10D9A0006607E2CF010000006C4100003E8251AAF0
:10D9B000DFEEA73401000000D9420000DCB5A0E290
:10D9C0003A301F97FFFFFFFFB4450000FD25A0C8B8
:10D9D000E9A3C14FFFFFFFFFFF3F000000000080F1
:10D9E00000000000FF3F0000000000800000000079
:10D9F00000000000000000000102030406070809FF
:10DA0000000000000102030440AC037D0401410357
:10DA1000057C00026D0D026D09020006101600065D
:10DA200010160B080141090242C0030A0B04646589
:10DA30006661756C745461736B00496E73007D048C
:10DA4000017C000240AB034100055308065804075F
:10DA50000F000810820911000A15800B16000C181F
:10DA6000010D0000A0DA0008000000209001000075
:10DA7000EC01000880DB000890010020E865000050
:10DA80004C0200081C00000043000000F8FFFFFFEC
:10DA90000C0000000E0000000F0000002E0000002F
:10DAA000320132101EA2FFFFFF820429015A9208A0
:10DAB00052FFE3803F091210092024100BE7416B4D
:10DAC0003A58A08B3AF178140829791B0839041ABE
:10DAD00065041A95041ACD141A0108111324F413BD
:10DAE00091751408E9731C08E17610311349741B11
:10DAF0000835101AAD04C11AE5181A91041A3D3000
:10DB00001A81081409024313020125C03209041BBB
:10DB100001020B130524161001052401100901044C
:10DB200024020205240617010705820308151009BF
:10DB3000040133020A2E0705010240072A8107115A
:10DB4000130A0632023340011A12231302021E4046
:10DB500083044057591B02031513A9101B08A50481
:10DB60001AA1041AD5041AF104071C040309041AA3
:10DB7000030B20803F101C803FAA014100000000E1
:040000050800018965
:00000001FF
